files_changed,lines_added,lines_deleted,test_coverage,developer_experience,previous_incidents_30d,rollback_rate_90d,deployment_frequency_7d,database_changes,services_touched,hour_of_day,incident_occurred
11,256,37,80.62,5,2,0.1426,6,0,2,23,0
5,128,55,76.75,10,0,0.0909,1,0,1,2,0
2,40,6,76.38,4,1,0.0641,1,0,4,7,0
22,322,352,79.74,3,0,0.1952,4,0,3,8,0
8,247,64,76.85,2,0,0.053,3,0,3,11,0
5,136,69,99.0,9,0,0.056,3,1,4,2,0
6,167,73,85.89,6,1,0.23,7,0,1,1,0
9,238,160,90.82,4,1,0.0596,1,0,4,8,0
14,392,76,76.62,6,1,0.0541,3,1,3,22,0
12,282,145,90.88,3,2,0.0922,3,0,2,5,0
10,144,168,91.76,9,1,0.0552,1,1,3,1,0
14,122,108,95.56,5,2,0.1738,5,1,3,6,0
23,402,384,85.38,8,1,0.0871,3,1,2,7,1
3,62,42,92.42,7,2,0.1965,2,0,4,11,0
4,127,42,76.98,2,5,0.2094,6,0,1,4,1
4,108,37,78.72,2,0,0.1373,3,0,4,16,0
1,21,17,85.46,2,0,0.0646,2,0,3,20,0
7,105,37,86.04,1,2,0.1292,1,0,3,16,0
3,60,13,72.07,5,0,0.0827,14,0,2,4,0
7,83,121,85.02,9,0,0.0953,3,0,3,15,0
13,393,210,70.5,5,1,0.0689,7,0,2,18,0
21,211,216,95.92,2,1,0.0828,6,0,2,4,0
26,798,142,90.74,9,0,0.0102,3,0,4,6,0
3,78,40,86.74,5,1,0.0698,3,0,3,14,0
14,263,94,69.69,2,2,0.1154,3,0,2,18,0
2,19,24,93.91,4,1,0.1328,7,1,1,10,0
9,123,117,90.47,4,0,0.0932,2,0,4,7,0
30,821,175,86.74,2,1,0.0611,5,0,3,13,0
18,517,68,73.79,2,3,0.144,2,1,3,3,1
4,50,38,73.84,7,3,0.1556,8,1,4,7,1
6,58,90,99.0,9,0,0.0367,6,1,1,2,0
8,226,43,80.63,8,0,0.0699,5,0,4,1,0
11,88,97,81.27,8,2,0.1771,3,0,4,4,0
4,52,15,76.87,9,3,0.1654,2,1,3,1,1
17,330,285,82.51,9,3,0.1957,2,1,1,5,1
10,96,159,84.57,7,2,0.1557,6,1,2,18,0
15,342,139,88.51,10,1,0.0702,3,0,3,8,0
5,125,32,82.82,7,1,0.1359,1,1,3,14,0
5,130,20,92.89,8,0,0.1502,3,0,1,2,0
11,221,54,69.29,6,0,0.0821,2,0,2,11,0
36,666,401,88.34,5,3,0.1252,5,0,1,21,1
4,60,51,80.85,3,0,0.0453,9,0,1,23,0
6,87,72,78.82,6,0,0.1594,4,1,3,16,0
3,89,47,91.18,2,3,0.0866,2,0,3,1,1
19,503,238,74.92,5,0,0.0693,10,1,4,17,0
8,171,37,72.67,3,1,0.0152,1,0,3,18,0
24,439,87,95.23,6,0,0.1449,1,0,1,11,0
18,251,81,82.1,9,1,0.114,2,0,4,19,0
8,241,52,78.15,3,2,0.1023,11,0,2,13,1
13,333,103,82.71,7,3,0.1331,4,0,2,8,0
15,372,131,77.35,1,0,0.0535,5,0,2,6,0
10,190,75,75.07,4,4,0.2048,2,0,2,12,1
2,57,35,69.79,5,1,0.1749,2,0,4,21,0
6,125,102,84.62,2,3,0.1442,5,0,3,5,0
6,189,21,75.87,10,4,0.1347,1,0,3,13,1
18,364,158,89.92,10,2,0.0985,3,1,1,22,0
1,20,15,99.0,4,2,0.1486,2,0,1,21,0
4,91,51,84.44,2,0,0.0605,4,0,3,16,0
12,213,108,90.73,5,0,0.0148,1,0,2,13,0
4,68,56,79.87,3,2,0.1164,3,0,3,12,0
5,40,36,81.52,7,0,0.0945,2,0,3,14,0
11,266,117,97.33,3,2,0.1146,4,0,3,16,0
8,182,35,91.84,4,1,0.1263,3,0,2,6,0
40,364,710,86.06,10,2,0.1693,4,0,1,14,1
37,855,218,73.92,7,0,0.0729,1,0,2,4,1
16,130,228,63.9,2,0,0.0954,10,0,2,5,0
15,370,149,76.23,9,1,0.0456,10,0,1,14,0
18,344,197,77.31,9,1,0.0279,7,0,4,19,0
7,205,65,94.38,9,1,0.1052,3,0,2,23,0
5,94,71,88.23,5,1,0.1104,4,0,4,20,0
13,241,178,70.75,4,1,0.12,2,0,3,17,0
24,278,209,83.16,3,2,0.1762,4,0,1,13,1
3,63,27,79.31,4,0,0.109,7,0,4,18,0
4,33,64,88.86,10,0,0.0021,8,0,1,11,0
15,260,245,80.63,7,1,0.0831,7,0,2,15,0
16,295,54,85.31,6,1,0.1043,5,0,4,23,0
6,115,29,65.35,10,2,0.0713,5,0,4,18,0
10,86,126,72.6,3,0,0.1136,3,0,2,1,0
34,539,333,78.81,6,0,0.0561,2,0,4,8,0
7,195,47,71.65,2,0,0.0826,1,0,1,11,0
7,67,121,82.42,1,2,0.1249,3,0,2,6,0
12,274,78,89.58,8,0,0.0554,1,0,2,14,0
43,1135,237,78.89,10,1,0.1433,2,0,1,5,1
8,84,27,91.69,5,1,0.1736,1,0,4,12,0
4,51,47,72.95,4,1,0.0572,2,1,3,21,0
4,43,71,78.49,1,3,0.1157,3,0,4,21,0
43,866,349,92.15,7,2,0.0906,1,0,1,13,1
15,348,231,99.0,3,2,0.1137,3,0,3,19,0
5,104,51,75.74,7,0,0.0533,2,0,3,10,0
8,223,34,73.69,8,2,0.1476,3,0,4,18,0
9,153,30,84.74,6,0,0.1025,2,1,2,11,0
8,129,129,89.51,5,1,0.0752,5,0,2,2,0
4,71,45,63.95,4,1,0.1167,2,0,4,14,0
12,122,75,65.38,4,0,0.2053,1,0,3,15,0
7,113,125,77.93,9,0,0.1253,2,0,4,8,0
14,189,193,70.7,6,2,0.0503,2,1,2,6,1
9,176,124,82.89,9,0,0.0839,3,0,1,6,0
18,299,135,84.54,9,0,0.0532,5,1,1,1,0
6,148,29,78.81,8,2,0.1692,3,1,1,18,0
18,350,145,77.92,1,1,0.0208,3,0,4,3,0
8,140,32,98.76,1,0,0.0692,5,1,3,2,0
15,162,216,82.96,10,1,0.1124,5,0,2,16,0
4,119,29,78.0,10,2,0.1382,4,0,3,18,0
5,113,70,73.5,4,0,0.1479,4,0,3,21,0
6,82,67,90.29,3,1,0.1629,2,1,4,22,0
6,89,38,76.47,5,3,0.0816,4,0,4,2,0
3,90,44,76.87,10,2,0.1594,3,0,2,13,0
9,120,47,70.75,5,2,0.2102,5,0,1,1,0
9,138,128,86.42,10,0,0.1647,7,0,4,3,0
24,367,216,76.89,5,3,0.1575,6,0,4,14,1
2,17,18,97.3,6,0,0.1282,2,0,1,2,0
14,338,222,58.79,10,2,0.1149,9,0,3,18,1
6,156,60,66.97,8,0,0.0797,1,0,2,18,0
14,385,245,80.43,8,1,0.0592,4,0,3,10,0
4,114,31,80.35,8,2,0.1306,3,0,4,17,0
9,91,61,80.56,2,0,0.1956,1,0,4,16,0
21,168,336,55.41,8,1,0.052,4,0,2,16,1
10,261,123,79.45,1,2,0.08,9,1,2,9,0
15,371,72,94.72,10,0,0.0483,2,0,2,9,0
8,170,35,80.7,2,0,0.025,5,0,1,20,0
6,119,82,78.25,9,3,0.1064,5,0,4,15,0
12,166,135,78.9,7,0,0.0049,9,1,2,2,0
3,80,27,73.84,9,1,0.139,1,0,1,9,0
19,533,222,60.3,8,1,0.1487,3,0,4,17,1
6,95,86,95.46,7,0,0.0939,1,0,3,6,0
3,41,26,89.43,7,0,0.022,3,1,4,22,0
2,34,35,87.52,3,2,0.1415,6,0,1,4,0
26,576,417,92.14,8,0,0.0729,5,1,4,0,0
10,178,128,58.3,3,0,0.1033,2,1,3,10,0
9,157,37,74.45,6,0,0.0114,2,0,4,10,0
20,585,206,73.16,9,0,0.0373,15,1,1,7,0
11,331,197,83.85,2,1,0.0791,3,0,1,20,0
49,510,269,81.04,5,1,0.1034,9,0,1,10,1
5,75,43,99.0,3,0,0.1025,4,0,4,18,0
3,36,16,91.29,10,1,0.0456,3,0,2,15,0
17,194,168,83.2,5,3,0.1346,5,0,1,14,1
2,48,10,81.42,8,2,0.1493,4,0,3,20,0
9,221,88,69.23,5,1,0.0564,6,1,4,15,0
7,120,58,88.82,5,2,0.0668,4,0,3,0,0
3,71,21,94.78,10,1,0.1236,1,0,1,19,0
5,139,82,92.44,4,3,0.1871,3,0,3,7,0
19,435,250,75.17,3,1,0.1464,4,0,1,9,0
2,17,16,64.41,3,1,0.0915,2,1,3,10,0
4,48,19,71.49,9,0,0.0784,4,0,3,16,0
24,348,131,72.02,8,0,0.0725,2,0,3,23,0
41,1119,411,75.36,2,0,0.0875,4,1,2,21,1
9,283,157,99.0,9,0,0.0567,2,0,4,0,0
12,131,102,75.77,5,1,0.0882,1,0,3,3,0
14,270,172,92.49,9,0,0.0551,5,0,2,20,0
9,249,149,66.84,5,2,0.1137,5,0,1,4,1
11,97,197,92.84,2,1,0.0263,1,1,2,12,0
15,361,212,72.49,9,1,0.1363,2,0,2,13,0
1,28,12,73.3,5,2,0.1607,10,1,3,6,0
12,369,189,78.41,2,4,0.2026,5,0,3,17,1
16,375,62,97.32,5,1,0.0883,2,1,1,14,0
5,65,62,86.95,1,3,0.1918,1,1,3,7,1
8,215,48,82.9,9,0,0.109,12,1,2,7,0
6,69,99,84.19,1,3,0.1824,4,0,2,4,0
5,135,23,83.94,1,0,0.0637,4,1,3,7,0
2,16,13,91.65,3,1,0.1215,2,0,1,23,0
7,131,59,61.65,10,2,0.0648,1,1,2,19,1
11,294,176,76.98,9,1,0.116,2,0,1,1,0
3,85,28,90.72,2,1,0.1343,3,0,4,2,0
29,456,151,71.3,3,1,0.1029,4,0,3,12,1
6,124,58,85.52,10,0,0.0833,3,0,1,20,0
15,396,207,78.57,4,2,0.1454,4,0,2,13,0
12,226,110,86.48,2,2,0.1862,4,0,3,21,0
3,92,39,81.5,8,0,0.0496,9,1,1,2,0
7,181,60,67.69,3,0,0.0084,5,0,3,21,0
5,82,64,91.96,7,1,0.0972,2,0,1,9,0
46,756,536,77.04,4,0,0.1154,4,1,4,7,1
4,65,45,81.52,2,0,0.1881,3,0,2,13,0
11,345,168,99.0,10,0,0.0894,1,0,1,19,0
6,167,42,75.18,3,0,0.0719,2,0,3,10,0
9,111,46,71.37,7,2,0.193,6,1,1,2,1
8,105,74,75.53,6,4,0.1852,6,1,3,23,1
7,214,83,95.17,1,2,0.1007,2,1,1,21,0
6,111,56,86.24,10,2,0.1578,6,0,3,6,0
65,697,614,81.03,5,1,0.0542,5,0,4,16,1
5,45,44,84.12,10,0,0.0684,1,1,2,9,0
10,264,144,88.47,5,2,0.0597,11,0,1,15,0
7,85,60,99.0,4,3,0.191,4,0,3,2,0
11,283,104,69.46,8,2,0.1522,4,0,3,18,1
5,88,63,75.28,5,1,0.1039,6,1,1,10,0
11,338,108,78.29,6,1,0.1567,1,1,1,7,0
6,105,25,70.8,5,1,0.0467,6,0,2,10,0
5,49,62,85.47,9,2,0.0357,4,0,3,11,0
6,165,91,94.34,4,0,0.1475,5,1,3,6,0
6,70,86,78.51,2,0,0.1181,7,1,4,14,0
19,498,184,81.1,10,3,0.1403,2,0,3,20,1
8,148,80,75.12,5,1,0.0991,2,0,1,11,0
7,108,68,86.48,1,1,0.1113,4,0,3,2,0
7,220,30,92.86,10,1,0.0658,4,0,4,18,0
4,108,65,88.44,8,2,0.1019,10,0,2,10,0
7,140,121,84.17,8,4,0.2233,4,1,3,22,1
5,117,17,82.67,8,3,0.106,8,0,2,11,0
4,59,36,84.97,6,2,0.1271,4,0,1,20,0
10,95,44,86.22,7,3,0.2085,1,0,2,10,0
12,287,201,89.01,5,2,0.1354,2,0,4,4,0
3,91,22,65.56,7,1,0.0351,3,0,3,4,0
3,83,42,75.99,9,0,0.1539,6,1,4,16,0
5,83,28,99.0,4,2,0.1096,3,0,4,6,0
3,33,12,66.67,2,1,0.2098,5,0,1,21,0
13,343,64,87.75,7,2,0.1642,4,1,2,22,1
8,219,43,81.37,8,0,0.0715,4,1,3,21,0
7,218,85,72.5,8,0,0.0355,1,0,2,9,0
9,241,149,95.92,4,1,0.0605,6,0,4,14,0
4,106,42,79.75,7,0,0.0364,4,0,2,19,0
29,406,365,84.22,6,0,0.0083,4,0,1,22,0
8,227,58,87.52,3,2,0.1512,3,0,2,13,0
18,537,274,85.84,6,1,0.1275,1,0,4,1,0
18,305,158,78.99,2,2,0.0977,6,0,1,10,0
6,168,76,94.48,3,1,0.0674,11,1,3,15,0
3,33,40,85.1,8,2,0.1851,8,0,1,0,0
2,56,22,84.68,10,1,0.1191,3,0,1,9,0
10,109,65,74.28,10,1,0.1489,6,0,1,15,0
10,83,107,76.66,4,1,0.0555,2,0,3,13,1
5,82,57,80.02,3,1,0.077,5,0,1,16,0
16,153,174,83.09,9,2,0.1852,1,0,1,12,0
26,235,228,86.19,6,1,0.1301,3,0,1,11,0
11,179,153,72.79,2,0,0.0388,3,0,3,4,0
24,506,364,78.93,3,1,0.081,1,0,4,22,0
8,98,40,89.8,8,2,0.1386,3,1,2,1,0
8,234,61,80.48,5,2,0.0818,2,0,4,8,0
4,94,29,79.61,1,2,0.0803,1,0,3,8,0
10,168,163,99.0,8,4,0.1603,6,0,4,10,0
12,238,125,88.0,9,1,0.0515,3,0,1,23,0
3,55,53,95.13,3,3,0.2659,3,0,3,3,0
5,119,37,87.3,10,1,0.0883,2,0,2,22,0
11,206,152,82.54,6,1,0.0,4,0,4,8,0
9,242,34,74.07,7,0,0.1489,7,0,2,0,0
7,158,103,96.91,1,0,0.0546,2,1,2,20,0
6,103,69,74.93,10,0,0.0625,4,1,4,11,0
9,236,104,82.03,9,2,0.1525,12,0,3,20,0
3,93,10,79.91,3,2,0.0773,1,0,4,17,0
11,292,149,89.59,4,1,0.0791,1,0,3,22,0
5,98,24,85.92,2,1,0.1043,5,0,4,2,0
8,249,142,72.27,6,2,0.0763,3,0,3,9,0
18,451,304,73.37,3,1,0.0656,1,0,2,3,0
9,243,58,84.07,8,2,0.1027,10,1,3,14,0
13,276,158,77.12,2,0,0.076,6,1,4,22,0
21,432,305,94.14,10,3,0.1014,3,1,3,20,1
8,153,86,99.0,3,1,0.1157,2,0,2,4,0
4,119,15,94.99,2,0,0.134,2,0,3,5,0
3,91,19,87.37,9,0,0.0927,2,0,1,8,0
4,123,28,90.8,5,0,0.1248,2,0,1,16,0
3,66,35,97.01,3,0,0.0927,2,0,3,18,0
12,344,50,94.25,10,1,0.1705,9,0,2,18,0
13,303,136,87.93,9,1,0.1301,3,0,3,15,0
5,136,45,69.19,8,1,0.1311,3,1,1,5,0
5,98,30,78.69,10,0,0.0938,5,1,3,23,0
14,228,125,76.17,6,3,0.1438,8,0,1,10,1
11,120,107,89.35,3,2,0.1447,3,1,3,12,0
7,126,122,81.14,3,2,0.1857,3,0,3,6,0
10,199,107,99.0,8,1,0.1304,1,0,4,0,0
13,226,128,85.81,4,2,0.1187,3,1,3,1,1
14,278,227,72.73,8,1,0.163,2,0,1,3,0
9,262,125,67.99,7,2,0.1838,2,0,4,1,1
7,88,79,82.15,2,1,0.0697,5,0,4,17,0
7,222,92,86.2,2,1,0.1375,2,1,1,12,0
27,855,306,78.0,6,2,0.2056,2,0,2,19,1
18,360,66,76.27,3,0,0.0552,14,0,4,16,0
5,112,53,83.85,6,2,0.2034,6,0,3,5,0
5,113,78,90.28,10,2,0.1223,2,0,4,22,0
13,252,42,91.55,6,2,0.1106,2,0,4,18,0
4,118,64,80.65,1,0,0.1481,5,0,3,20,0
3,79,34,99.0,1,2,0.1816,3,0,2,16,0
18,411,281,62.63,3,1,0.0415,1,0,2,1,0
5,124,29,89.71,8,1,0.1515,3,0,2,13,0
6,107,87,86.02,8,2,0.1288,9,0,1,22,0
26,337,204,77.43,8,1,0.0601,4,0,3,5,0
13,270,145,94.27,5,1,0.1005,3,0,2,7,0
4,60,68,73.73,5,1,0.1461,2,0,2,22,0
23,359,189,79.29,5,0,0.0563,3,0,4,12,0
8,247,120,70.69,5,1,0.1161,3,1,1,11,0
13,308,184,82.97,4,0,0.0097,2,1,3,17,0
14,158,171,69.46,10,0,0.02,13,0,1,21,0
8,107,51,85.48,2,1,0.0858,2,0,4,3,0
12,135,209,77.5,3,1,0.0917,3,0,4,15,0
10,261,73,99.0,5,0,0.0318,1,0,1,20,0
11,229,152,91.04,1,1,0.1329,11,0,2,13,0
8,97,134,74.72,7,2,0.1017,5,0,2,23,0
4,120,64,76.9,1,1,0.0399,3,0,1,10,0
6,190,66,87.11,8,3,0.1523,2,0,2,16,0
8,101,37,90.81,3,1,0.1517,4,0,3,22,0
20,513,297,76.32,10,1,0.0226,4,0,2,5,0
10,233,90,95.68,7,2,0.1331,5,0,1,12,0
11,136,56,73.54,6,1,0.0899,2,0,1,8,0
4,74,28,86.24,6,1,0.1061,7,0,1,8,0
7,172,27,86.52,2,3,0.1466,6,0,2,12,0
18,542,293,99.0,5,2,0.0938,5,0,3,11,0
9,119,45,85.04,3,2,0.1893,3,0,3,13,0
1,29,14,75.92,4,2,0.1546,2,0,1,16,0
5,124,20,77.89,10,1,0.1394,7,1,2,18,0
2,23,31,94.44,8,3,0.1718,2,1,2,22,0
18,183,191,70.79,1,0,0.0927,3,0,4,14,0
12,256,157,77.25,5,0,0.1419,6,0,4,8,0
2,51,23,83.26,1,0,0.1031,4,0,1,17,0
10,304,40,86.89,8,2,0.1423,5,1,4,5,0
4,105,70,83.5,7,1,0.1113,6,0,4,14,0
9,267,77,81.37,9,0,0.0559,3,1,3,3,0
10,208,109,83.9,4,0,0.0604,5,0,1,9,0
9,227,84,85.17,7,1,0.145,2,0,2,14,0
12,175,204,78.14,2,0,0.0965,10,1,4,19,0
6,175,19,78.51,4,0,0.0,3,1,1,14,0
2,49,7,89.79,1,0,0.1228,9,0,2,17,0
7,201,26,80.31,9,1,0.1082,6,0,2,23,0
4,87,58,84.38,6,0,0.0919,5,0,2,21,0
12,215,85,99.0,9,1,0.1713,3,0,2,20,0
15,320,55,84.3,6,1,0.16,9,0,4,16,0
4,71,20,89.83,7,1,0.0935,1,1,4,7,0
10,152,136,83.43,8,2,0.102,4,0,4,13,0
4,44,26,68.8,4,1,0.0857,2,0,1,14,0
3,30,41,81.17,4,1,0.1087,1,1,4,21,0
6,53,24,74.48,10,2,0.147,3,0,2,15,0
4,119,30,80.06,1,1,0.1097,1,1,2,23,0
8,255,81,92.76,4,2,0.0981,1,0,2,12,0
2,42,29,66.16,7,3,0.1333,3,0,3,9,0
25,507,261,90.97,2,0,0.0425,1,0,4,10,0
4,67,36,78.93,10,2,0.1199,2,0,2,0,0
9,273,105,86.42,7,1,0.1006,3,0,2,10,0
13,281,86,84.33,9,3,0.1035,3,0,3,8,0
7,138,96,79.92,8,0,0.2005,2,0,3,5,0
2,42,11,89.33,9,3,0.2378,2,0,1,16,0
4,113,68,71.05,1,2,0.143,4,0,4,4,0
7,94,95,90.11,1,1,0.1637,1,1,4,11,0
16,372,272,93.27,8,1,0.0552,3,0,1,0,0
6,107,19,89.8,5,0,0.0822,3,0,3,0,0
3,74,28,94.13,3,0,0.0042,2,1,1,16,0
16,201,174,98.16,6,1,0.1038,4,0,4,2,0
4,70,45,86.24,4,1,0.1296,3,0,1,20,0
6,141,20,80.9,7,0,0.0306,3,0,4,1,0
2,49,8,78.45,7,1,0.1008,4,0,3,18,0
9,282,147,91.04,1,2,0.1252,4,0,4,8,0
2,19,33,70.73,9,1,0.183,12,0,1,5,0
12,186,209,87.01,10,1,0.0695,2,1,4,2,0
7,150,80,77.28,7,0,0.0828,4,0,3,12,0
16,181,285,63.75,2,0,0.1733,2,0,3,1,0
1,13,4,79.14,10,4,0.1598,1,0,4,10,1
7,101,125,76.32,8,1,0.117,9,0,4,13,0
6,132,52,84.8,10,1,0.0994,1,0,2,22,0
8,115,69,85.91,3,2,0.0892,2,0,3,11,0
5,40,38,95.74,6,1,0.1525,4,0,1,4,0
7,128,79,84.86,9,4,0.2325,3,0,1,2,1
7,71,83,92.04,6,2,0.1292,2,0,1,9,0
17,453,235,91.48,9,1,0.0613,1,0,2,18,0
5,122,27,90.62,5,0,0.0559,5,0,4,4,0
11,202,102,89.16,8,0,0.116,5,0,3,8,0
18,455,187,89.08,10,2,0.0931,3,1,1,4,1
2,61,15,65.67,10,0,0.0443,3,0,3,14,0
2,55,31,84.13,10,0,0.1455,3,1,3,19,0
7,89,53,82.83,7,0,0.0077,2,0,3,23,0
4,79,46,72.6,4,3,0.1431,1,0,3,12,0
12,364,71,69.61,9,2,0.0915,4,1,1,23,1
8,200,76,92.04,5,1,0.0758,4,0,1,13,0
3,34,22,89.82,5,3,0.103,3,0,4,12,0
4,127,40,90.9,7,1,0.1201,2,0,4,17,0
5,156,67,82.15,9,0,0.0652,3,0,1,3,0
14,332,116,73.33,10,1,0.0444,2,1,4,10,0
5,91,15,90.74,5,3,0.1726,3,0,2,14,0
9,172,118,76.17,9,1,0.169,6,1,1,15,0
16,287,278,94.36,2,4,0.1891,3,0,2,11,1
6,113,36,83.4,8,2,0.065,1,0,1,14,0
5,94,20,69.79,1,1,0.0846,8,0,1,0,0
10,235,131,85.0,3,0,0.0633,11,0,2,16,0
6,71,68,85.65,8,2,0.1469,2,0,4,20,0
4,93,37,93.25,1,1,0.0645,5,0,2,14,0
6,103,81,88.03,4,1,0.1068,2,0,1,18,0
13,376,75,76.87,6,0,0.0114,1,1,1,8,0
7,138,122,55.61,6,1,0.1015,3,0,4,18,0
11,180,108,81.58,3,2,0.1622,5,0,3,19,0
11,265,84,82.2,4,0,0.0693,4,0,2,11,0
16,324,148,74.58,3,1,0.1495,1,0,4,5,0
13,271,218,88.77,3,1,0.0872,3,0,4,9,0
4,62,39,74.03,1,2,0.1309,4,0,1,15,0
3,82,52,75.84,9,0,0.0952,2,0,4,21,0
10,250,96,96.13,3,0,0.1024,6,1,1,7,0
24,350,265,71.85,3,0,0.1087,3,0,4,17,0
6,130,42,63.64,9,2,0.0924,11,0,3,17,0
2,17,27,83.85,9,2,0.1679,2,1,4,3,0
37,876,248,63.06,1,1,0.096,1,0,3,2,1
11,350,160,85.71,4,0,0.0081,4,1,3,22,0
33,603,403,68.37,4,0,0.0873,3,0,1,18,1
11,162,121,76.19,6,6,0.3112,3,0,3,9,1
13,401,139,69.07,2,1,0.1718,4,1,4,1,1
6,172,29,81.99,3,0,0.1078,3,0,3,7,0
12,290,124,69.31,10,0,0.1197,2,0,4,12,0
5,116,81,84.66,2,1,0.1995,3,0,3,22,0
6,101,103,75.52,6,3,0.1258,7,0,1,23,0
22,511,296,76.0,2,3,0.1242,5,0,4,6,1
2,55,20,90.93,6,1,0.1056,2,0,3,17,0
6,129,61,88.86,6,2,0.1547,15,0,1,1,0
4,107,39,91.58,2,2,0.1215,6,0,2,14,0
7,222,65,97.11,3,1,0.0486,4,0,3,5,0
15,435,66,77.79,6,0,0.0805,5,0,3,21,0
19,227,169,78.31,5,1,0.1517,5,0,2,13,0
4,99,12,86.23,8,2,0.1073,3,1,2,16,0
10,82,134,77.13,2,0,0.1111,1,0,4,22,0
4,38,34,71.77,2,1,0.1598,5,1,3,9,0
6,159,85,93.34,3,1,0.1439,5,0,2,2,0
5,41,63,70.65,8,4,0.2583,6,0,2,20,1
8,240,97,73.92,8,1,0.1238,7,0,1,3,0
12,131,167,66.97,6,0,0.1237,5,0,3,4,0
8,187,53,72.44,10,1,0.1537,6,0,3,22,0
14,396,225,81.26,4,3,0.1309,4,0,2,23,1
3,70,44,69.78,4,4,0.1797,5,0,1,7,1
3,66,32,78.13,1,2,0.1273,4,0,3,4,0
14,393,130,71.99,9,3,0.2369,3,0,4,2,1
6,57,41,84.69,1,2,0.1085,2,0,4,16,0
13,326,188,78.08,7,2,0.18,10,0,1,20,0
8,182,57,75.6,5,0,0.0337,1,1,2,4,0
2,34,25,93.13,2,1,0.0809,1,0,4,23,0
3,41,20,94.36,7,0,0.1043,3,1,1,9,0
21,499,118,93.47,1,1,0.1734,2,0,1,5,0
6,97,64,76.72,5,0,0.0955,3,1,2,23,0
8,115,130,74.42,1,0,0.1481,2,0,4,8,0
5,71,88,99.0,2,1,0.0677,2,0,3,1,0
2,43,17,80.72,5,0,0.0893,3,0,1,7,0
4,32,63,83.77,1,0,0.0762,4,0,4,11,0
9,104,152,73.87,1,2,0.1665,1,0,4,7,0
14,251,193,97.38,5,1,0.1508,4,0,3,3,0
12,355,68,85.41,9,0,0.1549,5,0,4,2,0
4,115,58,98.95,5,0,0.0111,4,0,4,0,0
12,179,177,81.38,10,2,0.0911,3,0,3,18,0
10,319,146,83.9,9,1,0.1805,2,0,2,4,1
8,142,51,81.13,6,2,0.1074,4,0,1,10,1
10,237,157,79.66,5,1,0.0697,2,1,2,13,0
4,37,71,73.68,5,0,0.1567,3,1,2,16,0
25,737,246,91.97,2,0,0.1025,4,0,2,20,0
8,78,92,89.43,7,0,0.1438,5,0,2,7,0
9,255,152,99.0,7,0,0.1107,3,0,3,10,0
17,231,291,99.0,3,0,0.1165,3,0,1,4,0
17,319,131,88.41,2,1,0.1424,2,0,2,14,0
2,28,9,61.64,3,2,0.1053,5,0,3,22,0
6,53,93,81.55,6,0,0.0489,3,1,2,11,0
14,128,104,81.83,3,0,0.0578,8,1,4,14,0
3,63,13,90.13,2,0,0.1044,2,0,2,3,0
8,223,141,83.65,3,1,0.0596,1,1,4,11,0
8,244,34,65.4,10,1,0.1522,2,0,1,0,0
5,63,63,92.06,3,2,0.1339,1,1,3,3,0
6,114,33,73.49,10,1,0.1215,3,0,4,15,0
15,365,83,86.83,4,2,0.0804,4,0,3,8,0
4,46,48,87.35,10,1,0.11,9,0,3,15,0
6,127,23,86.25,5,1,0.1098,1,0,4,6,0
3,81,20,88.0,9,0,0.018,2,0,4,22,0
16,337,164,99.0,10,1,0.1892,4,0,4,8,0
4,62,25,87.35,5,1,0.1198,6,1,4,16,0
4,88,25,82.86,3,1,0.0647,2,1,2,8,0
4,107,56,88.51,4,2,0.0092,4,0,4,11,0
7,222,39,74.35,4,2,0.1426,9,0,3,18,1
10,248,172,85.89,10,2,0.1192,8,1,2,15,0
10,122,35,79.02,1,2,0.1857,2,0,2,0,0
7,56,117,82.58,4,0,0.0676,6,0,3,22,0
11,299,176,82.44,1,0,0.0527,4,1,2,3,0
18,515,313,77.08,6,2,0.0815,2,0,4,18,1
3,45,15,67.29,3,0,0.0528,1,0,4,20,0
15,353,84,94.75,9,1,0.1343,1,0,3,7,0
7,192,60,81.93,5,3,0.1756,8,1,1,22,1
13,226,232,89.89,10,2,0.1783,8,1,3,19,1
4,86,68,87.29,3,0,0.0933,4,0,1,7,0
9,141,112,85.11,2,3,0.1085,4,0,3,14,1
28,364,375,79.82,6,0,0.0516,2,0,1,23,1
4,69,55,75.13,3,2,0.0892,8,0,4,12,0
11,187,169,92.31,10,1,0.0559,5,0,2,5,0
9,244,31,87.53,1,1,0.1319,2,0,1,2,0
11,322,59,68.33,2,0,0.127,4,0,1,10,0
13,295,133,89.6,1,0,0.0917,2,0,2,19,0
4,47,18,62.37,4,0,0.065,4,0,4,22,0
5,151,55,82.67,5,1,0.1352,3,0,1,1,0
5,105,51,88.45,1,1,0.1573,2,0,4,2,0
10,238,120,85.16,4,1,0.1006,2,1,2,5,0
19,597,191,76.02,2,1,0.0509,5,0,4,15,0
20,477,87,88.3,9,0,0.0974,6,0,3,12,0
33,617,229,92.24,8,2,0.2096,2,0,3,18,1
3,78,39,76.47,2,3,0.0888,3,0,4,18,0
17,160,149,87.49,9,2,0.2179,2,0,4,18,0
3,58,12,96.82,1,1,0.1933,3,0,2,3,0
16,300,275,95.41,3,0,0.0982,2,0,2,4,0
3,29,39,85.73,4,2,0.1149,4,0,2,19,0
24,716,401,90.54,2,4,0.1304,3,1,4,17,1
2,29,19,87.39,1,3,0.1187,3,0,4,3,0
15,173,177,84.61,2,2,0.1583,2,0,1,9,0
15,436,242,75.68,5,1,0.1164,5,0,4,18,0
7,62,49,86.55,3,1,0.0818,3,0,4,1,0
7,203,93,74.53,1,0,0.0503,2,0,3,11,0
2,55,15,79.69,5,0,0.0685,3,0,1,7,0
7,219,67,86.79,6,0,0.0524,6,0,4,19,0
4,50,24,74.39,7,0,0.0454,1,0,3,1,0
5,59,38,83.81,9,0,0.0629,4,0,1,5,0
15,419,233,78.2,4,0,0.0786,2,1,1,11,0
12,174,184,64.14,9,1,0.1133,16,0,1,21,1
10,169,119,71.96,3,0,0.0419,3,0,4,18,0
2,32,31,78.06,5,1,0.0516,1,0,1,9,0
11,101,173,98.41,4,3,0.2101,3,0,2,21,0
3,70,32,77.01,1,2,0.1861,3,0,2,20,0
15,408,95,78.33,10,1,0.1753,3,0,3,22,0
6,140,56,79.0,7,1,0.1907,8,0,4,8,0
38,579,410,80.41,10,0,0.0,5,0,1,0,0
4,95,62,86.02,6,1,0.0641,2,0,3,9,0
11,215,88,77.7,5,0,0.0303,4,0,3,8,0
19,586,242,76.87,4,1,0.1581,4,1,2,1,1
5,136,60,86.84,6,1,0.1234,3,0,1,20,0
4,60,66,73.13,7,0,0.0933,4,0,1,18,0
21,456,122,88.89,4,0,0.0,2,0,4,21,0
7,106,38,72.9,9,1,0.0629,2,1,1,15,0
10,142,151,80.13,3,1,0.0777,4,0,3,20,0
1,16,14,77.0,5,3,0.1377,4,0,3,11,0
9,135,141,60.69,8,2,0.1007,3,1,1,15,1
8,160,128,76.88,7,2,0.128,2,0,4,1,0
5,58,89,85.3,6,1,0.0863,1,0,4,4,0
5,125,73,94.57,8,1,0.0721,5,0,2,10,0
13,105,92,99.0,3,2,0.199,3,0,2,15,0
4,106,19,69.95,7,0,0.0841,4,0,4,13,0
7,120,24,84.15,4,2,0.1449,4,0,1,10,0
4,82,13,72.19,1,1,0.1496,6,0,2,7,0
3,48,14,69.21,7,0,0.0062,2,0,3,5,0
16,145,275,77.34,8,1,0.1338,3,0,3,13,0
10,318,81,70.52,8,0,0.0775,4,0,2,5,0
2,60,18,82.1,4,2,0.151,8,0,2,6,0
4,88,22,99.0,6,3,0.2061,1,0,1,12,0
4,56,44,75.91,1,0,0.0424,1,0,1,21,0
9,252,33,99.0,2,0,0.0,3,0,4,3,0
3,58,15,99.0,1,0,0.0855,2,0,1,21,0
6,137,81,89.15,7,4,0.213,4,0,1,16,1
2,21,9,72.4,2,0,0.101,4,0,2,8,0
9,282,75,72.88,7,1,0.1117,2,0,1,17,0
10,129,169,99.0,6,0,0.0916,1,0,1,21,0
10,106,116,80.45,8,2,0.127,4,1,1,16,0
6,152,99,80.54,4,0,0.0614,10,0,3,8,0
12,124,67,68.65,1,0,0.0,6,0,3,21,0
11,282,48,86.33,1,1,0.1569,2,1,2,21,0
3,47,49,75.63,10,0,0.0116,1,0,1,11,0
5,61,45,87.52,8,2,0.0944,1,0,4,22,0
10,271,127,80.13,3,0,0.0886,4,1,1,5,0
5,149,51,82.34,10,1,0.1254,2,0,2,19,0
8,132,27,86.47,3,1,0.0617,3,0,4,3,0
12,222,47,83.57,6,1,0.1372,1,1,2,21,0
18,368,239,78.64,10,2,0.1091,3,1,2,15,1
3,72,26,64.13,9,2,0.0759,2,0,1,0,0
10,117,157,78.67,8,0,0.026,3,0,1,15,0
9,143,64,92.18,9,0,0.159,3,0,4,12,0
9,89,86,88.93,10,1,0.1141,9,0,4,14,0
4,126,56,99.0,1,2,0.1368,7,1,4,1,0
6,48,26,93.65,10,2,0.1275,7,0,3,16,0
2,47,19,83.44,6,1,0.1007,4,0,1,7,0
4,63,58,94.79,10,3,0.1232,5,0,3,22,0
25,258,322,92.71,1,1,0.0468,5,0,3,17,0
11,273,40,63.3,3,1,0.0915,1,0,4,3,0
10,127,48,84.51,7,0,0.0422,3,1,2,22,0
3,78,11,85.44,10,0,0.1021,3,1,4,14,0
7,216,35,89.4,8,0,0.0838,2,1,1,17,0
6,168,61,81.18,9,1,0.0745,6,0,2,22,0
8,204,39,76.96,7,2,0.1728,2,0,3,16,0
11,198,133,79.32,4,1,0.1005,2,0,3,9,0
11,123,101,86.7,9,0,0.1086,2,0,3,22,0
2,42,12,75.9,4,1,0.1355,2,0,3,21,0
8,193,141,75.43,3,1,0.1353,1,0,3,22,0
9,148,91,70.14,10,2,0.1093,2,0,4,21,0
3,84,21,64.48,7,1,0.1007,2,0,1,0,0
4,37,15,88.08,5,1,0.0599,2,0,2,9,0
2,23,7,76.99,5,4,0.2017,2,1,1,11,1
21,219,336,70.58,9,0,0.1202,10,0,4,7,0
6,162,80,89.12,1,1,0.0359,1,0,4,13,0
13,408,99,63.17,9,1,0.1133,4,1,3,6,1
9,240,144,94.79,4,1,0.0621,2,0,3,18,0
4,89,58,90.3,4,1,0.1455,4,0,2,21,0
18,559,252,70.22,2,2,0.0526,10,0,4,8,1
15,166,176,74.34,5,0,0.0327,5,1,4,22,0
21,188,355,88.95,10,0,0.1283,4,1,3,15,0
6,127,24,60.85,6,2,0.0818,10,0,2,16,0
3,60,27,83.89,9,0,0.0899,3,0,3,7,0
25,598,199,99.0,5,1,0.1138,2,1,4,17,0
12,378,37,79.6,6,1,0.0601,6,0,2,1,0
30,471,502,84.45,2,5,0.2344,1,0,3,0,1
19,526,163,99.0,9,0,0.0393,6,0,1,9,0
13,164,139,99.0,2,1,0.1154,5,1,1,20,0
7,168,102,73.27,7,2,0.0716,2,0,2,17,0
8,232,112,79.0,7,3,0.1595,2,0,1,23,1
22,188,302,66.11,1,1,0.0923,2,1,1,5,1
7,149,81,84.75,4,3,0.1297,6,0,4,12,0
4,70,30,65.67,7,2,0.1452,2,0,1,20,0
9,85,127,71.74,1,4,0.2135,8,0,1,11,1
5,52,74,64.62,5,2,0.1276,2,0,3,14,0
17,471,58,99.0,3,0,0.1331,12,0,2,23,0
12,325,134,69.3,3,1,0.1937,3,0,3,0,0
4,85,19,71.21,1,3,0.1189,7,0,4,17,0
5,50,30,99.0,6,0,0.1026,9,1,2,5,0
13,296,88,79.57,2,0,0.0632,3,1,1,17,0
13,275,95,92.1,2,1,0.1692,2,0,2,23,0
1,30,8,70.22,4,1,0.1148,2,1,1,6,0
7,131,85,85.38,5,0,0.0835,1,0,2,18,0
11,301,191,72.2,3,2,0.0882,3,1,2,7,1
7,163,50,91.6,6,1,0.1947,2,1,3,15,0
9,149,68,87.11,9,1,0.215,2,1,1,8,0
2,22,22,96.9,5,1,0.0547,3,0,1,23,0
4,33,42,88.76,1,0,0.1774,7,0,4,18,0
9,79,62,92.27,9,1,0.0683,3,0,2,11,0
14,411,165,83.39,5,1,0.1017,3,1,1,12,0
32,264,210,68.14,10,0,0.1341,4,0,2,14,0
7,151,80,73.69,3,3,0.1802,2,0,4,11,1
7,183,45,77.07,5,1,0.1134,4,0,1,21,0
21,625,176,81.17,8,1,0.0785,5,0,1,1,0
7,110,94,71.3,9,1,0.1109,2,0,3,23,0
6,126,33,90.07,7,0,0.0527,3,0,1,16,0
11,344,69,86.18,7,1,0.1164,7,0,3,15,0
11,322,34,93.01,3,2,0.1323,5,0,2,2,0
3,44,15,87.05,3,2,0.1365,2,0,1,21,0
9,247,124,97.89,8,0,0.0533,4,0,4,6,0
3,70,27,79.9,4,0,0.0585,1,1,2,4,0
7,62,81,76.39,1,1,0.154,2,1,2,16,0
8,179,91,70.28,1,0,0.0857,2,0,3,2,0
16,360,161,83.77,8,2,0.1379,1,1,4,19,1
6,131,87,83.32,10,2,0.0563,3,0,3,5,0
10,162,98,83.31,10,0,0.124,1,1,4,12,0
18,151,195,95.86,9,1,0.0887,3,0,2,19,0
4,77,48,76.85,1,0,0.085,4,0,1,2,0
4,44,48,93.34,1,1,0.1329,6,0,4,16,0
3,86,40,99.0,7,1,0.0646,1,0,4,12,0
11,300,182,78.52,10,1,0.0363,1,1,2,8,0
5,67,79,92.78,5,2,0.1496,4,0,4,8,0
4,100,59,86.24,10,1,0.1276,1,0,1,12,0
4,98,30,98.29,6,0,0.1416,1,1,4,20,0
1,14,11,76.79,10,1,0.0519,4,0,3,21,0
49,631,552,68.42,9,1,0.1592,2,0,3,17,1
2,28,15,86.34,6,3,0.1432,14,0,4,23,0
6,172,28,75.88,4,1,0.0219,3,0,2,3,0
8,140,64,79.72,9,0,0.1088,3,0,1,5,0
7,162,105,69.01,3,0,0.1184,11,0,4,2,0
12,159,50,56.89,1,1,0.1471,4,0,4,19,0
19,282,331,85.92,1,2,0.0728,4,0,2,20,0
4,33,63,75.62,9,0,0.1035,1,0,1,19,0
2,49,24,99.0,1,1,0.038,3,0,1,5,0
4,58,35,66.37,7,1,0.1652,7,0,2,16,1
7,174,117,91.99,9,2,0.0862,6,0,3,11,0
10,146,120,79.73,4,0,0.0587,3,0,4,18,1
8,97,84,93.51,9,1,0.1406,5,1,3,10,0
4,109,69,65.07,9,0,0.0815,3,0,3,22,0
7,119,71,85.96,4,4,0.1972,2,0,4,21,1
11,242,37,98.22,2,0,0.0,3,0,4,20,0
30,398,405,72.52,6,1,0.0356,2,0,3,16,0
12,297,83,75.66,5,2,0.0621,1,1,3,2,1
8,98,61,74.71,4,0,0.0435,1,0,3,5,0
9,219,149,84.13,8,1,0.1234,4,0,2,23,0
11,158,70,73.74,4,2,0.2299,3,0,3,4,0
3,32,12,82.29,8,1,0.0992,4,0,1,15,0
18,280,296,89.75,10,2,0.1763,5,0,4,5,0
3,89,21,90.2,4,1,0.1083,3,0,2,1,0
18,326,307,81.16,1,1,0.113,7,0,4,21,0
12,227,57,73.49,9,2,0.147,4,0,1,0,0
5,85,22,85.15,6,3,0.1713,5,0,3,5,0
6,82,60,72.72,10,1,0.1083,4,0,2,15,0
3,54,42,89.93,6,0,0.0737,4,0,3,14,0
5,55,58,95.52,4,0,0.0811,3,0,3,7,0
7,199,41,84.21,3,1,0.0,6,0,1,5,0
8,89,131,92.48,9,1,0.1147,2,0,3,15,0
2,42,23,99.0,7,2,0.1524,6,1,2,1,0
3,42,46,58.84,2,0,0.0838,9,0,3,8,0
15,321,254,65.28,5,3,0.0916,2,0,4,3,1
11,267,132,88.8,10,0,0.0945,4,0,2,9,0
4,96,41,80.18,8,1,0.1693,1,0,4,19,0
5,115,25,85.29,3,0,0.0752,2,0,3,13,0
5,108,78,92.93,2,1,0.1562,3,1,3,7,0
7,165,95,97.04,10,4,0.1902,3,0,3,14,0
4,122,56,95.04,9,0,0.016,2,0,4,5,0
5,42,69,92.3,5,1,0.0571,2,0,1,6,0
9,94,35,68.74,8,0,0.0,1,0,1,12,0
1,31,4,81.14,10,0,0.0325,2,1,4,9,0
4,102,38,77.08,3,1,0.0649,4,1,2,0,0
11,182,184,77.32,8,1,0.0959,4,0,3,17,0
24,750,323,82.69,3,4,0.1353,2,0,4,20,1
3,87,28,66.0,9,1,0.0648,4,0,3,15,0
8,218,77,62.31,6,3,0.1165,3,0,2,9,1
3,61,43,64.07,3,0,0.074,4,0,4,17,1
12,361,206,80.66,8,0,0.062,4,0,4,9,0
7,189,78,83.83,4,1,0.0521,4,0,4,12,0
18,452,228,86.81,7,0,0.0238,1,0,1,13,0
3,61,44,95.2,10,0,0.1357,4,0,3,9,0
4,83,28,78.9,4,0,0.0448,2,0,2,4,0
18,419,220,98.74,5,1,0.0831,4,0,4,6,0
21,244,368,80.55,1,0,0.1383,1,1,1,9,0
6,150,83,80.49,4,1,0.0724,3,1,1,15,0
5,90,73,74.11,8,0,0.0322,3,0,4,22,0
11,175,172,79.87,3,0,0.0944,9,1,4,2,0
9,111,147,91.96,5,1,0.0556,1,0,1,3,0
4,100,35,93.92,8,4,0.1692,1,0,1,6,0
13,344,140,73.67,4,2,0.1271,4,0,3,10,0
1,25,14,80.38,9,4,0.2318,3,0,3,15,1
18,229,293,76.45,4,4,0.155,3,0,2,20,1
26,217,387,72.57,10,2,0.0789,4,1,2,0,1
10,219,133,98.21,10,0,0.1254,2,1,1,7,0
2,20,24,81.08,1,3,0.1977,3,1,2,22,1
29,306,299,84.24,6,0,0.0334,3,0,3,14,0
13,110,112,70.13,3,2,0.1602,8,0,1,15,0
15,321,167,89.61,8,2,0.1043,4,1,2,17,0
16,409,114,76.5,10,1,0.1574,3,0,2,2,0
14,262,214,78.31,9,0,0.1042,4,0,1,20,0
6,153,97,69.21,10,0,0.0942,10,0,2,10,0
3,71,33,87.21,7,0,0.0758,3,1,4,17,0
17,251,155,83.86,6,1,0.1072,5,1,1,1,0
5,55,80,85.63,4,1,0.1957,7,1,2,3,1
6,140,52,70.98,8,5,0.2306,2,0,3,1,1
21,473,85,98.41,4,1,0.1159,1,0,1,14,0
12,113,136,76.52,7,0,0.0743,2,0,1,19,0
4,35,16,99.0,5,0,0.0,5,1,2,16,0
1,25,10,82.28,4,1,0.0115,3,1,2,18,0
25,307,355,85.61,7,1,0.1058,4,0,3,21,0
3,71,48,87.93,3,1,0.083,5,0,4,16,0
8,94,143,67.94,8,1,0.0607,4,0,3,17,0
7,110,60,76.21,7,1,0.0817,3,0,3,19,0
37,780,319,67.76,9,1,0.0745,3,0,3,11,1
4,74,35,79.4,1,5,0.2438,1,0,1,16,1
3,88,9,53.61,4,1,0.1283,3,1,3,0,1
8,245,122,75.11,9,3,0.197,2,0,2,3,1
13,214,65,99.0,6,0,0.1417,1,0,2,7,0
9,136,104,76.6,10,2,0.1958,4,0,1,23,0
16,313,165,79.63,10,3,0.1104,2,0,1,19,1
9,80,136,84.97,7,1,0.1307,2,1,1,10,0
2,55,18,80.55,2,1,0.0887,1,0,2,23,0
6,134,19,78.94,7,0,0.0617,8,1,1,10,0
6,69,63,82.5,4,0,0.139,3,1,4,14,0
14,305,60,82.8,7,2,0.1375,4,0,4,4,0
12,119,138,80.26,1,0,0.1356,2,0,3,2,0
12,221,161,76.1,3,1,0.0375,2,0,2,15,0
21,455,239,90.86,9,2,0.1775,3,0,1,8,0
5,78,84,71.06,2,1,0.0562,11,1,4,13,0
4,50,32,89.5,1,0,0.0691,1,0,2,11,0
5,158,48,71.6,3,1,0.1481,4,0,2,6,0
10,117,139,71.04,2,1,0.0719,9,1,1,7,0
6,181,96,82.02,5,2,0.1369,3,1,1,9,0
8,68,49,54.87,9,4,0.1116,1,1,3,17,1
10,255,51,81.05,1,1,0.1023,6,0,1,8,0
8,118,118,74.53,10,2,0.14,7,0,4,20,0
2,19,25,83.12,6,2,0.1166,3,0,1,9,0
16,377,103,74.88,7,1,0.0832,2,0,1,10,0
7,156,30,86.92,4,2,0.1255,6,0,4,17,0
4,34,26,91.82,9,0,0.0585,4,0,4,12,0
42,354,557,74.84,6,1,0.1228,4,0,2,16,1
20,189,137,57.74,7,1,0.1544,1,0,1,17,1
1,13,8,87.71,7,0,0.0059,5,0,1,23,0
5,155,60,66.28,4,1,0.0693,3,0,2,13,0
7,208,55,70.27,9,1,0.0789,3,1,2,18,0
7,190,111,86.3,5,2,0.132,4,0,2,13,0
29,911,150,77.18,10,2,0.2195,12,0,3,2,1
3,92,14,78.65,6,3,0.166,1,0,2,23,1
9,140,158,99.0,7,2,0.1025,4,0,3,4,0
2,21,11,70.21,10,2,0.146,7,0,2,19,0
17,416,142,76.53,8,0,0.0811,1,1,4,22,0
9,111,79,99.0,8,2,0.1776,4,1,2,7,0
25,658,80,88.22,5,1,0.0032,2,0,2,23,0
6,77,36,87.46,3,2,0.1642,3,0,4,19,0
7,110,69,86.94,4,1,0.0545,6,0,1,19,0
7,119,53,76.76,10,1,0.014,3,0,1,16,0
5,94,80,72.33,4,2,0.143,3,0,4,23,1
14,242,202,70.9,1,2,0.1094,4,1,4,12,1
23,611,167,88.06,3,0,0.0737,7,0,1,22,0
5,57,77,78.59,8,1,0.0795,1,1,1,5,0
14,427,188,99.0,3,0,0.0357,2,0,3,14,0
6,113,98,68.34,4,1,0.0462,1,0,1,8,0
5,117,68,89.32,3,0,0.0288,2,0,1,2,0
23,432,194,82.33,9,2,0.0793,6,0,2,12,0
9,81,50,78.63,6,0,0.0025,2,0,2,5,0
16,196,218,89.6,7,1,0.084,1,0,4,9,0
15,162,74,92.97,4,1,0.1538,8,1,3,0,0
10,285,111,97.57,1,0,0.0,3,0,4,7,0
15,357,147,83.92,8,2,0.0415,3,1,1,7,0
8,117,99,68.56,4,1,0.0555,3,1,2,1,0
5,44,79,85.18,10,3,0.2016,4,0,3,10,0
30,275,277,91.82,3,1,0.1094,3,1,3,19,0
7,173,81,73.95,9,0,0.0309,3,1,4,23,0
16,485,70,88.46,5,0,0.0835,6,0,4,2,0
4,112,15,81.19,8,3,0.1367,2,1,3,10,1
12,247,161,80.51,10,3,0.1144,6,1,1,15,1
3,67,44,94.22,5,1,0.1194,3,0,3,8,0
13,414,108,87.11,3,2,0.1519,6,0,4,16,0
4,79,60,85.49,10,3,0.1498,2,0,3,6,1
11,94,136,90.76,2,1,0.0574,1,0,2,19,0
9,161,72,88.09,9,1,0.0892,1,0,2,0,0
21,515,143,71.14,2,2,0.0957,2,0,3,0,1
6,95,53,83.09,10,3,0.1189,3,0,1,5,0
16,448,269,87.29,8,0,0.1328,3,0,1,20,0
6,70,59,87.0,9,1,0.1298,5,0,4,13,0
2,18,21,74.39,10,1,0.1266,8,0,3,17,0
5,64,66,77.02,6,0,0.0856,2,1,2,8,0
8,129,69,76.07,9,1,0.1543,1,0,4,5,0
13,373,185,95.99,6,2,0.1039,1,0,3,13,0
14,406,120,86.18,5,2,0.214,7,1,3,5,1
13,348,190,91.79,2,1,0.1337,4,0,1,15,0
15,175,121,68.32,8,1,0.1086,2,0,3,10,0
11,318,168,73.82,9,0,0.0785,1,0,2,6,0
10,190,137,76.22,9,2,0.0744,5,1,3,1,0
11,244,47,73.17,8,2,0.0324,1,0,1,16,0
4,103,13,68.47,5,1,0.0954,4,0,2,10,0
13,193,142,84.66,8,0,0.0778,4,0,3,4,0
9,96,156,85.8,9,1,0.0792,3,0,2,17,0
21,328,107,78.46,5,0,0.0957,2,0,2,2,0
5,147,55,92.74,1,2,0.1765,8,1,4,21,1
16,275,68,80.89,7,3,0.2041,7,1,4,19,1
3,47,17,89.94,9,1,0.1107,3,1,4,18,0
23,632,386,68.34,8,1,0.1531,2,1,3,21,1
8,211,80,80.85,4,1,0.0993,3,1,3,11,0
9,223,116,89.21,6,1,0.1702,1,0,1,2,0
9,147,89,78.95,3,0,0.0318,9,0,3,19,0
4,80,36,84.19,2,0,0.069,4,0,1,9,0
5,88,46,73.57,10,3,0.1372,4,0,2,15,0
5,80,76,73.51,10,0,0.1164,2,0,4,18,0
4,84,26,79.78,2,2,0.0766,3,0,4,3,0
6,114,67,80.28,8,0,0.0894,2,1,4,2,0
8,195,95,89.84,7,2,0.0954,4,0,1,2,0
21,238,245,68.21,1,0,0.1046,1,0,2,14,0
8,138,93,83.58,4,2,0.1717,4,1,3,9,0
27,807,204,67.23,7,1,0.072,2,0,3,2,1
4,90,42,93.48,3,1,0.093,6,0,1,11,0
5,156,15,86.15,9,0,0.0825,3,0,3,3,0
18,517,117,53.62,10,0,0.1545,2,0,3,22,1
26,446,290,77.89,3,0,0.096,7,0,2,17,0
5,150,77,74.67,3,2,0.157,2,0,2,4,1
5,117,25,99.0,8,1,0.0391,7,0,2,2,0
8,218,127,83.78,10,1,0.1837,2,0,2,14,0
6,127,58,99.0,6,0,0.0072,3,0,4,19,0
6,119,83,88.27,9,3,0.1408,2,0,3,1,0
9,194,122,73.98,2,2,0.1154,1,0,1,4,0
9,185,143,86.01,5,1,0.0494,6,0,1,16,0
4,40,40,84.03,2,1,0.0484,5,0,3,19,0
15,243,220,89.32,8,3,0.1022,2,0,4,18,0
15,271,261,93.3,5,0,0.0442,2,0,1,22,0
2,51,27,77.17,10,0,0.0228,1,0,4,18,0
6,55,107,84.71,10,0,0.103,7,1,4,2,0
8,78,118,77.31,5,1,0.135,5,1,3,8,0
12,100,56,80.71,3,2,0.1521,4,0,2,21,0
12,328,83,76.45,4,1,0.1107,1,0,1,10,0
30,936,357,91.78,3,0,0.1125,3,0,4,12,0
16,297,201,87.18,4,0,0.0,11,0,3,1,0
4,104,18,81.98,3,2,0.0765,3,0,4,9,0
3,92,50,86.73,4,2,0.131,4,0,4,15,0
9,186,85,75.49,5,0,0.1033,4,0,4,12,0
8,248,105,86.15,1,2,0.2199,11,1,3,13,1
7,165,49,73.73,5,2,0.1194,2,0,1,8,0
5,86,72,84.95,4,1,0.0751,5,0,2,16,0
3,73,17,88.69,9,2,0.1418,6,1,1,2,1
7,72,31,71.71,8,0,0.1263,5,0,3,8,0
8,68,35,72.25,10,4,0.2285,3,0,2,19,1
1,24,4,73.82,10,3,0.1504,1,1,2,3,1
2,28,20,86.19,2,2,0.118,2,0,3,13,0
7,168,101,84.64,5,0,0.0,2,1,1,8,0
7,120,55,80.64,1,1,0.0712,1,0,3,5,0
7,138,118,85.77,10,0,0.0682,1,0,4,3,0
4,105,25,88.52,2,1,0.1692,2,0,3,3,0
13,125,180,62.86,8,0,0.064,4,1,4,4,0
6,48,21,90.67,7,1,0.1037,1,0,3,12,0
13,264,222,80.01,8,1,0.1503,7,0,4,23,0
6,161,66,83.45,1,0,0.1065,5,0,4,3,0
2,60,16,82.93,5,0,0.0424,1,0,1,11,0
9,279,37,98.01,8,0,0.1109,3,0,3,20,0
18,383,315,87.31,4,1,0.0797,4,0,4,3,0
1,16,4,99.0,8,3,0.1942,6,0,2,1,0
8,202,95,80.58,8,0,0.0329,2,0,3,15,0
3,84,29,74.89,1,1,0.081,3,1,1,10,0
8,72,38,94.57,9,1,0.0846,2,0,2,23,0
15,452,53,65.17,3,0,0.0493,6,0,1,15,0
16,365,106,95.74,3,3,0.1835,2,1,1,9,1
4,41,48,98.1,10,2,0.0844,1,1,1,3,0
8,217,50,75.43,4,0,0.004,1,0,4,10,0
13,317,145,88.04,6,0,0.0181,1,0,2,1,0
10,160,48,77.55,3,1,0.0685,3,0,2,22,0
4,47,26,85.03,10,2,0.1672,4,1,1,20,0
3,79,9,84.11,8,2,0.1701,4,1,1,5,0
8,199,95,73.01,5,3,0.1844,5,0,4,22,1
7,80,49,73.42,8,0,0.1293,1,0,2,19,0
23,513,316,93.22,10,1,0.1051,7,0,3,11,0
16,342,94,68.0,9,2,0.2292,7,0,3,17,1
3,57,37,89.87,4,2,0.1408,7,0,2,3,0
14,342,245,91.7,8,0,0.1276,4,0,2,21,0
11,102,93,81.3,4,1,0.1285,3,0,3,19,0
14,366,51,78.08,1,2,0.0877,6,0,2,5,0
6,117,28,96.53,4,2,0.0367,2,0,3,13,0
11,266,86,59.55,2,1,0.1969,4,0,1,7,1
4,115,34,72.4,4,3,0.1588,3,1,4,1,1
67,769,1133,88.27,8,1,0.0655,1,1,3,4,1
10,126,83,99.0,5,1,0.0732,4,1,2,1,0
7,66,35,68.4,8,0,0.113,1,0,2,10,0
17,256,90,86.88,10,1,0.1769,5,0,2,2,0
8,164,127,79.62,4,0,0.1154,3,0,4,8,0
8,146,128,86.94,4,2,0.1274,2,0,2,18,0
7,209,115,66.01,7,1,0.0586,2,0,1,15,0
20,402,187,82.15,7,1,0.1379,4,0,1,14,0
13,129,185,99.0,7,0,0.0684,1,0,2,11,0
15,353,65,99.0,8,1,0.0671,3,0,2,22,0
23,498,270,76.8,8,2,0.0366,3,0,2,22,1
17,458,145,80.13,8,2,0.1153,5,0,1,20,0
8,235,63,62.14,1,1,0.1473,2,0,3,22,0
3,63,44,77.61,2,1,0.1114,4,0,3,23,0
10,203,166,82.03,6,1,0.0853,1,0,1,12,0
4,91,33,90.9,3,4,0.195,8,0,1,17,0
4,51,70,83.36,4,0,0.002,4,0,4,23,0
8,175,139,77.76,4,2,0.1338,2,0,2,10,0
2,28,26,74.94,5,1,0.0424,9,1,3,11,0
7,140,108,78.54,8,0,0.0941,3,0,3,14,0
14,380,240,75.99,2,0,0.0455,3,1,4,2,0
16,472,117,87.02,2,4,0.1834,2,1,3,3,1
9,179,145,72.05,9,1,0.134,3,0,1,9,0
3,73,50,63.01,8,2,0.0679,2,0,4,23,0
6,89,23,81.3,4,0,0.0507,5,0,3,13,0
7,166,103,73.7,8,0,0.0867,3,0,4,14,0
11,122,163,90.44,3,0,0.1034,4,0,2,15,0
8,119,125,96.33,3,0,0.1016,5,0,4,5,0
5,59,55,75.41,3,1,0.1515,2,0,2,5,0
15,134,116,83.23,3,1,0.0994,3,0,3,5,0
13,324,168,85.26,6,1,0.1283,2,1,4,17,0
4,83,19,81.89,1,1,0.0967,1,0,4,4,0
9,272,48,61.25,9,1,0.1408,6,0,3,20,0
5,96,36,80.49,10,2,0.0854,2,0,4,10,0
3,76,49,84.56,3,1,0.0123,6,0,1,9,0
24,547,151,62.05,6,0,0.0898,2,1,1,19,1
7,154,44,85.68,5,1,0.0884,4,1,1,17,0
4,96,69,99.0,9,1,0.13,2,0,4,10,0
2,40,7,77.71,6,2,0.1036,3,0,4,11,0
9,74,73,80.44,5,2,0.1822,2,0,1,6,0
3,55,53,82.62,8,0,0.1126,3,0,4,23,0
13,147,153,78.06,2,1,0.067,5,1,3,15,0
8,164,64,58.71,10,1,0.0867,1,0,1,0,0
20,598,184,83.69,9,0,0.107,6,0,2,6,0
28,480,316,87.06,1,1,0.1189,11,0,3,18,0
3,64,29,94.03,1,2,0.2012,3,0,2,8,0
8,186,100,96.56,2,1,0.1445,3,0,3,13,0
10,297,126,88.61,1,1,0.087,5,1,3,15,0
5,48,70,75.25,10,1,0.0683,2,0,4,8,0
12,233,160,64.74,2,1,0.1258,4,0,1,8,0
4,37,31,93.69,3,1,0.0887,2,0,1,8,0
5,116,86,89.34,1,0,0.0199,5,0,1,16,0
20,461,289,99.0,10,1,0.0866,5,0,3,10,0
2,48,15,69.37,6,1,0.0762,5,1,3,4,1
16,326,137,88.0,8,2,0.1804,2,0,2,3,0
12,240,185,64.75,9,1,0.0877,1,0,1,13,0
33,324,504,87.62,1,1,0.1394,2,0,3,22,0
9,248,147,84.58,10,1,0.0375,3,0,3,5,0
16,139,243,74.53,4,0,0.0677,7,1,2,22,0
4,44,19,83.88,2,1,0.037,3,0,1,2,0
7,137,66,87.4,4,0,0.1095,3,1,1,15,0
9,126,35,72.35,1,3,0.0826,2,0,1,19,0
2,59,11,87.37,6,0,0.0915,7,1,2,23,0
4,123,32,77.02,3,0,0.121,2,0,2,16,0
11,114,128,78.95,1,1,0.1201,6,0,2,9,0
6,156,18,69.96,2,0,0.0652,9,0,4,11,0
6,74,78,59.99,2,1,0.1326,4,1,3,12,1
9,183,82,93.62,6,1,0.0316,2,1,1,16,0
2,52,27,79.25,9,1,0.1078,2,0,1,10,0
7,120,68,67.03,5,2,0.0473,2,0,4,7,0
17,254,269,74.82,4,0,0.0307,3,0,4,21,0
11,91,144,89.4,2,1,0.1324,2,0,1,3,0
5,88,59,75.8,2,1,0.1429,3,0,2,2,0
21,268,126,66.87,7,0,0.064,1,1,4,23,0
37,975,536,70.75,10,0,0.0846,3,0,4,11,1
3,67,27,90.03,8,2,0.1328,2,0,2,14,0
4,56,41,66.26,3,0,0.104,3,1,1,2,0
4,34,22,82.06,10,1,0.0958,6,0,2,9,0
5,51,20,76.76,9,1,0.0731,5,0,4,6,0
6,119,63,62.24,9,2,0.0859,2,0,1,1,0
1,29,4,89.78,8,3,0.0894,2,0,4,14,0
3,26,34,89.93,5,0,0.111,2,0,2,15,0
7,108,61,93.84,2,2,0.0986,2,0,4,21,0
6,125,60,70.74,9,2,0.1444,1,0,1,12,0
5,110,43,83.11,6,1,0.1489,7,0,3,10,0
5,110,24,79.22,6,1,0.1034,5,0,1,20,0
17,175,139,74.52,6,1,0.1182,4,0,1,21,0
6,81,46,83.25,2,2,0.1486,3,0,1,9,0
1,12,11,69.09,1,0,0.0583,6,0,4,18,0
32,579,105,86.51,8,3,0.161,4,0,3,12,1
4,62,17,78.16,8,2,0.0665,3,1,2,10,0
5,137,65,83.45,3,1,0.1762,2,0,3,13,0
11,255,193,88.19,2,0,0.0874,1,0,2,9,0
5,75,58,90.42,4,1,0.0948,3,0,1,22,0
8,82,64,89.29,2,2,0.1111,3,0,4,13,0
11,298,140,77.82,5,1,0.1326,1,0,3,13,0
5,77,46,74.19,5,1,0.1059,1,0,4,21,0
6,74,19,87.42,9,0,0.1381,2,0,4,6,0
20,555,341,84.1,5,3,0.1075,3,0,4,18,1
3,28,18,91.52,8,2,0.107,5,1,2,23,0
26,395,247,58.86,6,2,0.0862,4,0,1,20,1
7,125,107,88.39,3,1,0.1021,1,0,2,12,0
8,92,27,92.49,5,2,0.1394,3,0,4,13,0
10,88,53,79.48,3,4,0.1923,2,1,3,21,1
8,187,29,76.67,8,0,0.0585,1,0,1,2,0
32,484,126,71.16,7,0,0.0193,3,0,1,12,0
30,761,153,92.23,2,2,0.1128,8,0,1,16,1
37,811,541,79.66,9,0,0.1334,8,0,1,7,1
5,132,38,79.46,10,0,0.0901,4,0,2,13,0
6,63,37,73.16,5,2,0.1484,3,0,3,18,0
8,166,107,86.59,2,0,0.1019,3,0,4,15,0
25,777,404,75.82,3,2,0.1704,3,0,3,9,1
12,374,145,99.0,1,1,0.1517,3,0,2,8,0
5,77,86,56.46,6,0,0.0379,1,0,1,17,0
7,200,61,83.74,7,2,0.2072,3,0,3,9,0
10,277,65,91.52,4,1,0.0717,5,0,2,14,0
9,261,130,84.98,7,1,0.1988,2,0,3,2,0
6,183,60,84.32,7,2,0.1334,7,0,3,22,0
2,60,9,78.03,3,2,0.1952,6,0,1,11,0
7,178,78,82.83,6,2,0.1252,1,0,1,1,0
6,74,57,90.73,3,1,0.1162,3,1,2,20,0
4,87,18,88.59,4,1,0.1673,2,0,2,19,0
4,108,31,89.26,8,2,0.2424,3,0,2,8,0
5,111,39,99.0,5,1,0.1131,7,1,4,11,0
10,290,171,77.01,10,3,0.1097,3,0,1,17,1
5,115,83,67.06,8,2,0.1059,2,1,2,1,1
3,54,20,82.31,2,2,0.112,2,0,2,18,0
7,176,66,88.13,8,0,0.0534,3,0,4,3,0
1,12,17,87.49,5,1,0.1218,5,0,4,12,0
20,571,240,79.36,5,1,0.0239,4,0,2,13,0
8,216,27,78.54,5,1,0.1213,4,0,4,7,0
7,170,69,85.84,1,1,0.0768,3,0,3,22,0
2,26,17,78.3,7,0,0.0598,1,0,3,2,0
1,9,7,79.69,4,2,0.1275,2,0,3,19,0
6,187,71,89.16,1,0,0.1061,7,1,4,9,0
5,120,24,82.99,9,0,0.0239,4,1,2,8,0
71,1407,574,84.8,8,0,0.0627,4,1,3,22,1
8,91,38,72.24,1,0,0.0,3,0,4,8,0
4,120,28,85.39,5,1,0.1485,2,0,3,16,0
2,58,15,84.58,8,1,0.0722,10,0,2,17,0
2,47,29,99.0,1,1,0.0791,2,1,1,7,0
4,77,21,88.01,8,1,0.0067,4,0,4,1,0
14,444,159,69.25,8,2,0.1252,10,0,2,3,1
2,25,14,82.95,3,1,0.1184,3,0,3,18,0
6,132,70,80.94,1,1,0.128,2,0,2,13,0
10,139,104,79.62,2,2,0.127,7,0,1,9,0
7,170,62,58.62,10,1,0.1181,5,0,1,10,0
4,39,61,84.6,8,1,0.1074,2,0,3,19,0
24,381,87,64.94,10,0,0.0238,3,0,3,23,0
8,238,119,84.69,3,1,0.0781,1,1,1,20,0
7,190,99,82.34,9,2,0.1441,5,0,4,2,0
13,159,227,99.0,7,1,0.1348,1,1,2,5,0
2,35,25,99.0,3,1,0.1023,7,1,4,13,0
2,60,33,86.15,10,0,0.0909,2,1,1,11,0
12,237,195,72.21,8,1,0.0049,2,0,4,2,0
6,164,73,75.69,7,2,0.0681,3,0,1,1,0
7,219,92,84.18,3,0,0.0506,2,0,1,9,0
5,49,75,84.08,5,0,0.0188,7,1,2,21,0
11,310,119,99.0,5,0,0.0432,4,0,1,1,0
1,20,9,95.92,8,0,0.1242,4,0,3,11,0
3,29,31,77.18,2,0,0.0,3,0,4,5,0
6,169,22,89.15,7,1,0.1253,6,0,3,10,0
2,37,26,92.82,10,1,0.1067,6,0,3,5,0
7,69,124,56.78,5,1,0.0982,6,0,1,13,0
4,32,19,78.12,3,1,0.1802,2,0,4,22,0
11,261,155,81.13,8,2,0.0556,2,0,3,22,0
17,417,151,84.09,5,0,0.1091,2,1,2,0,0
19,524,255,83.61,4,0,0.0873,2,0,2,15,0
7,165,66,88.08,9,1,0.1164,2,1,3,14,0
5,90,23,90.46,3,0,0.0846,1,0,4,15,0
26,744,306,86.42,4,1,0.161,12,0,4,1,0
3,31,47,89.71,7,0,0.0669,2,0,4,23,0
19,485,341,82.01,1,2,0.055,1,0,4,16,0
8,181,105,82.25,8,0,0.1116,2,0,1,16,0
9,196,101,83.18,5,1,0.2044,2,0,4,15,0
3,68,38,79.83,8,1,0.1321,5,0,1,5,0
4,50,32,85.26,4,3,0.1501,2,0,3,19,0
3,75,30,83.4,5,1,0.1182,1,0,4,13,0
11,265,154,84.33,8,2,0.2196,4,0,2,19,0
24,589,103,76.31,8,1,0.1246,2,1,2,5,1
11,114,101,85.06,8,0,0.1222,1,0,2,17,0
10,84,162,69.63,6,1,0.0589,4,0,2,16,0
2,19,18,93.43,10,0,0.0376,2,0,2,15,0
7,113,58,90.37,1,0,0.0,2,0,3,4,0
17,492,205,80.11,2,1,0.1112,10,0,4,14,0
14,365,246,85.06,10,2,0.2421,3,0,1,17,1
6,63,74,83.17,4,1,0.0165,2,0,2,23,0
2,37,21,77.75,2,0,0.0868,10,1,3,10,0
5,54,30,71.76,7,1,0.1315,5,0,1,7,0
14,271,102,91.69,3,2,0.1349,2,1,3,22,0
8,133,103,97.33,3,1,0.167,6,0,4,7,0
6,109,100,90.54,8,3,0.2739,5,0,3,0,0
8,211,110,89.22,9,1,0.1131,3,0,1,10,0
4,126,21,92.97,1,1,0.1309,1,0,1,21,0
9,104,104,86.53,9,1,0.0475,2,0,4,12,0
3,74,48,95.37,6,0,0.0825,2,0,1,8,0
9,203,46,97.79,7,1,0.0466,2,0,2,17,0
4,91,38,81.06,6,1,0.0989,5,0,4,6,0
8,80,88,85.03,7,1,0.1229,4,0,2,16,0
13,192,57,80.78,9,1,0.1368,4,0,3,20,0
12,104,179,70.99,10,0,0.029,4,0,3,23,0
4,80,55,92.63,6,1,0.129,2,0,3,3,0
16,377,77,69.35,5,0,0.0457,4,0,1,14,0
2,27,28,77.47,10,1,0.1258,1,0,2,11,0
7,168,106,74.28,10,2,0.0933,1,0,4,16,0
10,105,107,76.53,4,2,0.0773,1,0,3,14,0
8,200,123,82.22,2,1,0.0087,3,1,4,4,0
20,374,170,99.0,9,0,0.1651,2,0,4,8,0
4,93,71,73.29,8,0,0.0477,3,0,4,5,0
10,110,136,76.34,3,1,0.0383,2,0,1,22,0
2,38,28,83.08,9,3,0.0958,1,0,1,19,0
6,63,51,99.0,5,2,0.0902,3,1,2,3,0
6,190,45,68.8,8,0,0.1807,2,1,2,4,0
4,72,68,97.27,5,2,0.1273,2,0,2,5,0
10,197,48,93.67,6,2,0.1742,5,1,1,13,0
7,108,68,63.08,6,1,0.082,2,0,4,23,0
2,22,10,92.23,8,1,0.0481,1,0,4,4,0
8,126,119,91.74,10,2,0.112,3,0,2,12,0
7,63,91,75.4,8,2,0.1073,4,0,1,5,0
2,43,29,72.73,5,1,0.169,3,0,1,20,0
5,63,61,53.16,10,2,0.1534,3,0,2,15,1
3,25,38,85.94,9,0,0.0595,7,1,1,8,0
16,222,217,81.79,10,1,0.1406,1,0,3,12,0
28,554,476,71.36,6,1,0.1347,2,0,4,0,1
10,156,68,86.95,2,0,0.1042,5,0,2,9,0
2,28,8,92.07,5,0,0.0812,2,0,2,1,0
2,31,6,92.93,1,1,0.1392,4,0,1,10,0
6,176,41,71.03,2,0,0.1437,5,1,2,19,0
7,138,100,85.08,7,1,0.078,3,0,3,1,0
8,170,31,91.69,1,2,0.0951,2,0,2,0,0
43,1338,564,74.33,4,0,0.121,3,0,2,9,1
3,56,47,82.57,9,4,0.2099,2,1,2,11,1
6,72,40,67.44,7,2,0.1528,4,0,4,1,1
3,57,46,88.79,5,0,0.0475,3,0,2,0,0
4,120,28,75.2,5,2,0.1731,6,0,4,11,0
2,26,31,91.78,5,1,0.1019,3,1,1,9,0
7,173,108,94.12,9,1,0.1546,5,0,4,6,0
41,1270,318,76.71,6,2,0.1481,4,0,4,8,1
3,94,24,77.27,8,2,0.1926,3,0,3,0,0
20,224,336,68.42,10,0,0.088,3,0,1,21,0
6,128,80,77.09,8,1,0.0856,9,0,1,20,0
10,209,163,76.24,8,0,0.0735,3,0,3,12,0
8,132,45,82.76,1,2,0.1248,1,1,3,6,0
35,466,115,90.22,5,0,0.0,3,0,3,6,0
36,818,271,66.55,4,1,0.1454,6,0,4,11,1
5,99,67,88.83,10,2,0.0409,3,1,2,20,0
6,173,69,77.4,8,0,0.1304,7,1,2,21,0
7,168,84,92.98,3,3,0.2476,1,1,2,23,1
5,71,57,80.73,4,2,0.2066,3,0,3,6,0
8,68,140,97.68,9,1,0.0613,9,0,4,0,0
16,374,274,72.76,1,0,0.0853,1,0,3,13,0
15,266,72,67.66,9,0,0.0219,6,0,3,16,0
13,379,82,74.94,5,2,0.1103,4,0,4,10,1
11,139,46,81.02,10,1,0.1214,2,0,2,22,0
3,29,20,96.76,3,1,0.1271,3,0,1,20,0
3,26,28,73.78,1,2,0.1558,2,0,3,8,0
3,58,52,65.32,1,2,0.1017,1,0,2,2,0
2,45,28,68.61,8,0,0.0517,10,0,1,1,0
11,187,179,77.0,2,2,0.0677,6,0,1,14,0
14,317,132,73.02,2,0,0.0602,2,0,1,9,0
8,141,98,89.36,7,2,0.0806,2,0,1,14,0
2,54,32,71.96,10,1,0.0736,3,1,1,14,0
6,132,27,69.31,1,2,0.1046,2,0,1,18,0
7,88,81,78.54,9,0,0.1039,2,0,4,15,0
8,149,53,78.85,1,1,0.0227,5,1,3,18,0
16,496,229,72.9,5,1,0.1362,1,0,2,4,0
4,89,29,78.67,1,2,0.1933,3,0,2,1,0
4,110,45,83.91,1,3,0.1763,2,0,2,6,0
2,25,8,72.78,4,1,0.1409,4,0,4,19,0
3,85,34,99.0,6,1,0.1072,4,0,4,10,0
12,226,178,75.04,1,0,0.025,8,0,1,20,0
24,324,296,90.82,4,1,0.1115,2,0,3,23,0
26,457,400,83.44,1,1,0.0893,3,0,1,11,1
6,64,44,90.07,4,2,0.1526,3,0,3,1,0
5,63,36,84.02,4,0,0.1061,4,0,2,10,0
24,333,142,94.55,3,0,0.1018,4,0,1,0,0
15,169,192,71.86,2,0,0.0568,2,0,2,9,0
9,151,77,55.25,3,1,0.1087,2,0,4,22,1
2,22,33,73.82,4,3,0.1729,2,1,4,22,1
6,134,105,67.97,4,0,0.0737,3,0,2,17,0
26,300,174,79.59,5,2,0.1213,8,0,4,6,1
8,214,118,89.07,10,2,0.0717,4,1,4,20,0
11,186,118,81.65,3,2,0.2264,2,0,3,16,0
9,226,93,93.56,5,0,0.0282,2,0,1,6,0
5,64,79,82.45,7,0,0.067,4,1,4,12,0
6,182,51,66.57,9,2,0.1533,7,1,1,9,1
1,16,11,69.58,8,2,0.1073,2,0,3,13,0
2,36,17,99.0,8,1,0.1461,4,0,4,0,0
7,95,88,64.98,6,2,0.1392,2,0,3,16,0
15,351,221,88.87,4,2,0.1645,3,1,1,11,1
17,217,101,99.0,6,1,0.0,4,0,3,6,0
10,319,179,81.61,9,1,0.1218,8,0,1,9,0
5,81,89,86.4,7,1,0.0873,2,0,1,15,0
4,126,69,78.06,7,0,0.0498,3,0,2,15,0
6,132,67,66.04,8,0,0.0305,9,0,4,10,0
4,62,23,75.31,7,1,0.1299,2,1,4,17,0
17,192,273,84.01,5,0,0.1097,6,0,1,15,0
10,280,80,75.15,7,2,0.0729,8,0,4,22,0
7,110,23,84.99,1,2,0.1117,1,0,2,10,0
2,54,33,83.84,10,0,0.0476,2,0,4,6,0
3,28,26,79.85,8,2,0.1892,7,1,4,20,0
9,92,41,81.15,9,3,0.0842,3,1,4,0,1
11,106,191,77.1,5,0,0.1122,3,1,3,21,0
8,151,68,83.43,1,0,0.0472,1,1,4,12,0
3,31,33,72.34,8,1,0.1399,4,0,4,6,0
4,51,37,76.12,8,3,0.1514,5,1,3,18,1
7,176,69,93.86,4,1,0.1597,1,1,2,14,0
7,123,105,78.06,9,4,0.2445,4,0,4,14,1
2,17,8,86.61,8,0,0.0766,6,0,3,12,0
9,246,50,91.83,4,3,0.2186,3,1,4,14,1
3,71,40,66.4,2,0,0.033,9,0,1,7,0
26,306,422,73.16,9,0,0.1433,4,0,1,22,0
6,177,99,85.8,7,3,0.1921,3,0,1,11,0
7,73,101,91.2,6,0,0.0094,1,0,2,8,0
4,36,13,72.78,8,1,0.062,4,0,4,6,0
5,41,23,80.2,3,0,0.0986,4,0,4,15,0
7,69,89,66.94,8,3,0.1959,4,1,3,5,1
8,67,36,81.88,5,3,0.1681,1,1,4,5,1
4,105,52,99.0,3,2,0.0302,1,0,2,6,0
3,88,32,90.22,8,2,0.1188,2,0,1,12,0
8,149,95,68.64,1,1,0.0364,5,0,2,7,0
6,82,26,89.06,7,2,0.126,2,1,1,10,0
15,364,59,75.93,2,2,0.1826,4,0,2,23,1
2,35,9,76.52,6,0,0.0,9,0,2,19,0
4,84,68,80.73,2,1,0.0881,1,0,1,11,0
11,91,140,67.66,1,1,0.0409,4,0,4,7,0
2,55,25,67.19,6,0,0.2141,3,1,2,13,0
28,626,496,87.02,2,0,0.1137,2,0,2,8,0
2,44,35,81.88,7,0,0.0411,2,0,2,10,0
10,262,133,99.0,8,0,0.0974,1,1,1,19,0
15,281,159,64.3,4,1,0.0764,2,0,1,7,1
30,786,145,73.49,4,0,0.0805,3,0,2,19,0
11,124,115,83.01,4,1,0.1383,3,1,2,20,0
5,150,59,91.53,8,0,0.0814,1,0,3,4,0
8,187,115,98.94,9,0,0.1183,5,0,4,20,0
16,416,102,69.5,6,3,0.1866,4,0,2,17,1
2,60,35,81.54,4,1,0.1496,3,0,4,16,0
5,93,15,97.56,8,0,0.0194,2,1,2,1,0
12,136,72,74.67,2,0,0.0,2,1,2,7,0
7,127,70,84.1,3,0,0.0881,2,0,2,13,0
2,27,14,99.0,8,1,0.1505,25,0,2,8,0
3,58,51,86.5,6,0,0.0615,4,0,2,15,0
3,60,42,75.59,3,1,0.1174,11,0,4,0,0
12,219,50,87.96,5,0,0.0276,3,0,2,17,0
4,56,39,73.09,8,1,0.0741,6,0,4,2,0
17,427,100,69.14,4,1,0.1838,3,1,3,15,1
9,161,80,75.69,6,1,0.1245,2,0,3,20,0
1,9,16,68.78,2,0,0.0314,3,0,2,6,0
24,743,349,80.59,6,0,0.0911,3,0,4,20,0
15,370,191,86.81,7,2,0.1187,3,0,2,15,0
17,467,211,78.86,1,1,0.1355,9,0,2,8,0
16,490,83,63.33,4,1,0.1504,1,0,2,0,1
4,40,54,65.95,7,0,0.0351,1,0,1,16,0
8,232,43,99.0,7,1,0.225,3,0,3,16,0
17,404,148,84.32,5,0,0.0904,3,0,1,3,0
4,106,32,99.0,3,0,0.0774,5,0,2,23,0
3,46,53,81.48,8,0,0.0853,2,1,1,22,0
8,144,58,99.0,7,3,0.1227,9,1,3,5,0
31,395,177,90.53,2,2,0.1175,2,0,2,5,0
3,77,45,76.45,4,1,0.104,3,0,4,14,0
12,275,192,91.62,3,2,0.1172,2,1,1,12,0
6,57,20,81.96,4,0,0.1153,1,0,1,0,0
13,338,40,79.66,10,3,0.2156,8,0,1,3,1
10,270,86,82.32,9,3,0.1534,2,0,3,15,0
20,321,188,82.55,6,1,0.0799,3,0,3,10,0
18,550,233,85.99,7,0,0.153,9,0,3,10,0
7,56,112,84.53,7,0,0.1025,2,0,2,0,0
25,721,179,94.24,4,0,0.0691,5,0,4,16,0
6,75,106,62.74,6,3,0.1709,4,1,3,1,1
2,51,26,87.56,4,1,0.0191,5,0,4,23,0
17,169,160,68.31,8,3,0.0297,6,0,1,23,1
8,180,109,79.42,9,2,0.098,3,0,1,4,0
9,90,139,72.61,9,0,0.0741,2,0,4,5,0
2,61,20,88.12,9,2,0.1629,7,0,2,5,0
14,333,60,99.0,7,0,0.038,8,0,1,5,0
2,31,17,87.35,5,0,0.0661,1,0,3,21,0
8,236,38,63.14,3,0,0.1596,4,0,4,2,0
33,527,209,72.18,10,1,0.1021,16,0,1,20,1
2,59,28,88.2,7,1,0.0484,5,0,4,7,0
7,75,30,92.87,2,1,0.1543,1,0,2,23,0
2,43,9,72.83,6,1,0.0973,7,0,1,9,0
5,104,78,85.18,7,2,0.1104,2,0,3,21,0
5,55,64,81.55,10,1,0.106,5,0,4,0,0
9,171,46,95.1,5,0,0.1126,1,0,4,21,0
4,89,20,75.06,1,0,0.0562,7,0,3,16,0
1,10,17,85.96,10,0,0.0574,3,0,2,15,0
5,155,19,97.32,6,1,0.1423,5,1,2,23,0
14,187,196,91.31,3,0,0.0627,1,0,4,9,0
18,428,283,74.25,1,1,0.1173,3,0,3,13,0
11,349,158,68.61,7,1,0.1904,3,1,3,9,1
17,215,269,82.39,7,0,0.1334,1,1,3,18,0
5,46,85,92.61,5,1,0.0709,2,0,2,18,0
5,123,36,88.37,3,3,0.0658,2,1,2,23,0
44,734,697,76.25,2,5,0.1945,5,0,2,12,1
7,127,109,86.95,1,3,0.1614,9,1,4,5,1
15,162,160,74.66,6,2,0.2365,2,0,2,20,1
3,41,14,77.93,7,3,0.1048,1,0,2,20,0
17,452,303,59.25,2,1,0.1045,1,0,4,8,1
7,130,22,81.49,2,3,0.166,5,1,4,20,1
5,101,16,94.86,10,3,0.113,2,0,4,8,0
13,133,154,77.56,7,0,0.0715,3,0,4,9,0
5,51,19,75.05,9,2,0.0437,1,1,1,12,0
10,208,151,74.63,8,3,0.1874,9,1,1,6,1
7,206,39,88.49,10,1,0.1943,3,0,1,17,0
10,155,35,95.59,10,2,0.1154,3,1,2,2,0
11,312,38,61.94,2,2,0.1382,2,0,3,17,1
2,62,25,84.36,4,3,0.2196,2,0,3,21,0
3,34,31,81.33,6,3,0.2435,3,0,3,19,0
19,247,85,71.44,1,2,0.129,5,0,2,4,1
3,83,52,79.7,10,1,0.0454,5,0,3,8,0
16,366,65,74.56,5,1,0.1273,2,0,2,12,0
7,214,92,71.27,3,2,0.0827,2,0,1,20,0
5,159,67,74.44,4,1,0.0547,8,0,2,13,0
4,62,59,94.43,7,0,0.061,3,1,2,2,0
7,145,92,74.27,7,2,0.1514,5,1,1,11,1
18,480,93,86.08,4,1,0.2374,5,0,1,12,0
42,560,725,95.95,2,5,0.2034,1,1,3,18,1
8,158,87,94.11,10,1,0.1433,2,0,3,19,0
5,45,38,71.82,7,0,0.1396,2,1,4,15,0
14,199,186,61.37,3,0,0.0574,7,0,2,12,0
20,288,335,90.64,6,0,0.0922,6,0,2,21,0
3,74,17,79.13,6,2,0.1777,2,0,3,8,0
16,327,220,89.64,4,2,0.1553,1,0,1,9,0
32,496,139,77.56,2,3,0.1718,6,1,2,2,1
14,131,198,78.58,9,0,0.0658,4,0,1,13,0
11,334,55,90.33,8,2,0.1021,2,0,1,12,0
80,1005,1237,87.4,1,3,0.1917,2,0,3,7,1
16,381,268,79.63,9,0,0.0,7,0,1,19,0
17,204,288,82.97,9,1,0.208,1,0,2,2,0
14,156,116,72.88,1,1,0.1041,3,0,4,5,0
6,64,100,81.9,4,1,0.0243,4,0,1,9,0
6,90,37,70.29,10,0,0.0168,4,0,3,20,0
3,88,51,82.3,10,2,0.0952,3,0,1,11,1
2,38,14,88.31,2,1,0.1091,5,1,2,12,0
2,20,20,97.03,2,2,0.1197,6,0,2,13,0
10,196,53,86.08,5,0,0.0321,6,0,4,11,0
3,54,17,71.5,5,1,0.0772,1,1,4,21,0
5,59,41,81.68,7,2,0.1057,1,1,2,3,0
4,35,35,85.6,6,0,0.061,5,0,2,21,0
15,292,194,78.94,5,1,0.1007,9,1,4,17,0
1,24,4,83.95,7,2,0.1138,5,0,4,4,0
14,148,46,66.88,3,3,0.156,1,0,1,21,1
7,169,56,78.27,10,0,0.0568,11,0,4,15,0
1,19,14,80.2,4,1,0.1827,3,0,2,7,0
13,139,90,83.0,4,1,0.1142,2,0,4,6,0
4,107,18,77.01,9,1,0.1148,2,0,2,18,0
3,34,14,86.69,7,2,0.057,2,1,2,4,0
12,273,52,83.54,1,1,0.149,3,0,3,22,0
7,94,56,87.89,8,2,0.1867,5,1,4,20,0
8,85,67,77.6,6,0,0.0222,1,0,2,10,0
1,12,3,78.18,6,0,0.1074,3,1,4,8,0
14,145,80,95.49,8,2,0.2168,3,0,3,3,0
18,149,202,85.09,3,0,0.0954,10,0,3,23,0
2,41,17,70.46,5,2,0.1138,7,1,4,2,0
7,77,98,76.75,2,1,0.0724,2,1,2,6,0
3,90,12,83.53,9,0,0.0639,1,0,3,23,0
18,472,198,76.16,3,1,0.0762,8,1,2,13,1
4,56,64,68.01,9,1,0.0797,1,0,3,14,0
18,194,171,88.67,8,2,0.1701,6,0,1,5,0
10,247,49,79.67,1,0,0.0978,4,0,1,22,0
4,110,41,88.08,9,1,0.1701,2,0,1,5,0
2,40,22,71.47,7,2,0.0812,3,0,3,6,0
5,59,31,85.17,1,1,0.103,3,0,4,16,0
8,164,60,77.82,4,1,0.0906,2,0,3,17,0
17,227,187,88.69,5,2,0.0939,2,1,2,8,0
4,57,59,74.68,4,1,0.1546,4,0,2,17,0
2,47,24,85.95,6,0,0.112,2,0,3,23,0
6,177,44,96.76,1,1,0.0899,1,0,1,11,0
12,373,67,83.08,1,0,0.0,3,0,1,23,0
5,85,64,82.08,10,1,0.0207,11,0,4,7,0
4,51,49,71.41,7,3,0.2038,3,1,2,23,1
23,387,380,60.64,2,0,0.0899,9,0,4,5,0
12,146,138,88.29,3,0,0.1202,5,0,1,9,0
3,36,26,77.16,10,0,0.0,2,1,2,2,0
3,56,38,84.34,7,1,0.1001,1,1,2,23,0
2,16,8,81.94,7,0,0.104,2,1,1,20,0
7,78,101,97.42,5,2,0.1048,2,1,1,0,0
7,73,98,98.53,6,3,0.1041,5,0,1,6,0
16,419,262,88.52,3,1,0.0962,4,0,4,4,0
8,168,56,72.22,9,1,0.0642,2,1,1,3,0
13,136,211,83.34,7,0,0.0689,4,1,2,0,0
20,344,165,88.68,5,1,0.0729,7,0,4,21,0
6,166,28,69.64,3,2,0.0604,7,0,2,3,0
24,354,99,73.37,6,3,0.1555,1,1,1,1,1
6,73,65,82.12,10,0,0.202,4,1,4,4,0
9,220,111,88.15,5,3,0.1724,2,0,1,8,0
22,525,373,84.93,2,3,0.1915,2,0,2,20,1
8,92,77,83.26,8,1,0.0417,1,0,1,18,0
20,508,103,89.13,6,1,0.1711,3,0,2,12,0
50,993,510,64.76,7,2,0.1669,2,0,3,4,1
10,236,66,84.97,7,1,0.0763,4,0,4,17,0
17,229,72,79.04,7,1,0.2048,3,0,2,22,0
17,283,102,84.19,1,1,0.0191,5,0,4,4,0
9,84,74,80.08,3,3,0.1303,2,0,2,17,0
2,59,13,83.23,4,0,0.0442,4,1,2,3,0
7,174,60,76.45,1,2,0.0412,6,0,4,11,0
13,137,152,85.2,8,1,0.1522,2,0,2,0,0
16,182,106,91.31,1,0,0.1233,6,0,4,4,0
7,134,35,79.79,9,0,0.1169,3,0,3,15,0
17,273,250,78.58,1,0,0.1089,3,0,2,1,0
9,78,128,73.75,9,2,0.0544,2,1,4,13,0
9,261,101,91.86,5,2,0.1007,3,0,3,22,0
33,1001,233,78.92,2,3,0.11,2,0,2,23,1
3,68,18,73.14,3,1,0.1974,3,0,1,22,0
3,46,37,75.57,7,0,0.1373,2,1,3,20,0
13,188,59,93.74,6,0,0.1487,10,0,3,0,0
60,714,275,72.98,4,1,0.0783,4,0,3,6,1
5,116,17,85.99,5,0,0.076,2,1,1,18,0
7,137,26,68.38,2,3,0.0824,5,0,1,11,0
2,62,21,88.3,6,0,0.0,2,0,3,4,0
20,206,182,80.79,9,0,0.0741,5,1,2,0,0
5,85,58,69.37,1,1,0.0814,13,0,2,21,0
19,555,83,88.87,4,4,0.1648,3,0,2,22,1
6,186,64,77.43,10,0,0.0935,5,0,3,14,0
10,161,84,89.42,7,2,0.0892,3,1,4,7,0
10,226,41,67.15,3,2,0.1709,3,0,4,3,1
13,148,208,57.04,9,1,0.1117,8,0,1,15,0
3,46,51,73.46,3,0,0.015,4,1,3,11,0
10,123,145,72.59,5,2,0.1529,6,0,3,14,0
4,45,19,75.46,10,1,0.1077,4,0,3,9,0
32,914,536,89.21,3,1,0.1727,5,0,3,11,1
23,412,224,77.17,1,0,0.0548,2,0,1,23,0
16,396,182,78.2,3,2,0.0875,5,0,3,12,0
9,158,36,82.45,7,1,0.0722,2,0,1,11,0
1,23,16,83.33,8,0,0.0767,10,1,2,23,0
9,279,80,73.59,7,0,0.1007,3,1,3,2,0
6,191,61,83.85,8,3,0.1825,1,1,4,1,1
5,153,25,81.52,4,0,0.0947,2,0,1,19,0
25,237,378,99.0,7,0,0.116,3,0,2,1,0
25,213,359,68.52,7,3,0.1951,3,0,2,2,1
4,58,16,72.53,8,0,0.063,7,0,2,21,0
4,49,15,74.6,7,3,0.0477,2,0,3,5,0
2,61,20,72.49,9,1,0.0536,3,0,2,22,0
2,59,23,82.83,1,0,0.1667,2,0,2,2,0
15,328,77,93.6,6,1,0.1718,1,1,4,4,0
18,280,267,81.82,7,1,0.1204,2,0,1,14,0
6,171,75,85.71,10,3,0.1607,1,1,2,23,1
5,90,55,73.04,3,1,0.1326,2,0,2,11,0
9,113,118,82.61,1,1,0.1439,3,0,3,0,0
11,169,168,94.72,2,1,0.1172,2,0,4,13,0
28,460,311,85.99,9,1,0.1091,1,0,3,3,0
14,266,120,77.94,9,2,0.0986,6,0,4,12,0
5,119,66,89.78,5,1,0.0157,3,0,1,2,0
11,115,140,76.79,10,1,0.0577,5,0,1,15,0
7,160,78,77.1,8,1,0.1069,15,0,1,21,0
18,325,114,93.63,8,3,0.0472,2,0,1,6,0
5,154,41,63.25,8,1,0.1033,5,0,4,0,0
17,455,180,86.15,5,1,0.0259,1,0,3,9,0
4,108,36,80.4,4,1,0.0945,3,1,4,1,1
18,210,155,70.2,9,3,0.1946,2,0,3,10,1
7,152,66,84.81,9,1,0.1177,10,0,2,19,0
2,55,30,80.78,10,1,0.0322,4,0,4,23,0
5,148,53,74.66,7,1,0.1538,3,0,2,16,0
12,262,106,98.65,5,0,0.0404,4,0,2,10,0
5,51,47,89.89,10,1,0.0551,4,1,1,18,0
12,309,59,84.81,8,1,0.1067,5,0,3,5,0
53,1566,395,77.76,9,1,0.0935,7,0,4,8,1
4,58,68,79.51,1,5,0.2573,2,0,1,3,1
19,423,87,65.36,5,1,0.1053,6,0,2,2,0
8,226,133,81.93,4,1,0.1663,3,0,4,0,0
13,255,161,88.54,4,1,0.0909,3,0,4,10,0
35,658,189,87.97,5,1,0.1066,9,1,2,21,1
8,180,27,99.0,6,1,0.0707,2,0,4,19,0
5,40,54,74.89,5,2,0.158,5,0,2,19,0
4,34,42,72.22,3,3,0.2218,1,1,3,3,1
6,52,30,68.67,2,1,0.1295,4,0,2,8,0
15,191,65,77.2,9,0,0.0685,4,0,4,23,0
9,166,154,75.26,4,2,0.1303,1,0,2,21,0
1,25,17,76.21,2,4,0.1462,8,0,3,5,1
6,185,61,99.0,8,6,0.1983,1,0,3,10,1
8,180,75,78.0,10,1,0.0866,2,0,1,14,0
2,17,21,71.75,10,2,0.1454,4,0,3,12,0
10,123,78,75.05,3,1,0.1042,2,0,1,6,0
3,50,44,74.52,2,2,0.0636,6,1,1,22,0
5,95,74,78.11,4,1,0.2157,5,0,4,9,0
4,82,18,93.36,5,2,0.2129,3,0,1,18,0
5,90,71,78.36,6,1,0.195,2,0,2,6,0
43,853,159,80.84,5,2,0.2188,4,0,1,14,1
7,110,61,92.33,10,2,0.1358,2,1,1,20,0
2,43,6,74.16,8,0,0.0394,16,0,4,1,0
9,270,32,73.49,1,3,0.1179,2,1,1,13,1
1,14,14,68.76,7,2,0.0864,3,1,3,15,0
6,104,80,90.08,8,1,0.1405,4,0,1,11,0
13,136,82,80.85,1,3,0.1876,3,1,3,22,1
6,80,25,94.15,6,2,0.0405,4,0,1,22,0
6,85,88,85.16,2,2,0.1575,2,1,3,2,0
11,269,163,99.0,7,1,0.0425,3,0,2,4,0
12,130,93,70.85,3,2,0.1695,4,0,4,20,0
12,131,130,85.83,10,2,0.0776,1,0,4,8,0
14,357,89,82.21,5,1,0.0841,2,0,1,11,0
14,405,180,66.92,4,4,0.1856,1,0,1,15,1
25,207,156,85.7,7,0,0.0163,1,1,1,10,0
7,155,76,87.52,6,2,0.1716,4,0,3,22,0
13,152,137,81.62,3,0,0.0999,4,1,3,12,0
10,288,107,85.13,7,1,0.1,5,1,3,13,0
1,15,16,98.61,2,1,0.2004,1,1,1,23,0
14,117,138,71.83,5,0,0.0771,3,1,4,11,0
5,151,21,76.9,7,0,0.1002,4,1,4,16,0
3,48,28,86.4,6,0,0.1076,3,1,4,23,0
14,177,81,72.94,3,1,0.0705,3,0,4,16,0
5,121,63,89.41,2,1,0.1121,4,1,1,1,0
8,109,87,87.11,5,1,0.0944,1,0,4,12,0
9,119,138,73.49,5,2,0.1364,2,0,2,6,0
9,134,107,80.7,1,2,0.0901,2,1,4,23,0
3,89,19,89.32,6,3,0.1212,1,0,2,5,0
11,208,191,70.95,8,2,0.0585,7,0,1,5,0
12,349,66,75.18,1,1,0.084,2,0,4,18,1
4,115,40,89.21,1,1,0.1499,4,0,3,7,0
7,84,36,92.83,2,0,0.1661,1,1,3,14,0
32,525,357,89.57,8,0,0.0311,4,0,4,0,0
4,60,32,94.12,9,1,0.1784,2,0,4,3,0
13,266,163,75.67,3,2,0.2427,2,0,2,21,1
30,497,103,79.37,10,1,0.1522,2,0,4,11,0
5,50,84,87.94,7,4,0.2317,2,0,3,20,1
16,473,155,76.79,9,0,0.0577,2,1,3,10,0
2,36,35,71.45,5,1,0.1505,2,1,3,19,0
4,108,45,67.57,6,2,0.1086,4,0,1,15,0
11,126,145,90.42,9,3,0.1444,1,0,2,9,0
10,95,74,74.66,8,1,0.0351,3,1,3,18,0
6,118,18,73.23,6,0,0.1037,3,0,1,1,0
15,246,108,83.81,9,2,0.1793,3,0,2,2,0
5,57,69,78.07,7,4,0.074,3,0,1,9,0
19,367,158,87.27,7,0,0.1595,4,0,1,8,0
9,200,50,79.09,7,2,0.1307,2,0,3,18,0
1,26,6,86.31,7,0,0.1367,9,0,3,9,0
11,237,136,79.46,9,1,0.0633,3,1,4,3,0
7,130,53,88.23,6,0,0.1455,1,0,4,14,0
31,553,105,83.36,9,0,0.1181,2,1,4,2,0
19,432,143,66.21,4,0,0.0627,2,0,3,4,0
49,1450,792,86.19,1,3,0.0421,2,0,4,4,1
5,40,75,87.82,9,0,0.029,5,0,1,2,0
45,1256,573,80.91,6,0,0.1112,8,0,3,18,1
4,63,15,88.93,10,2,0.0746,2,0,1,22,0
6,68,84,96.65,8,0,0.1482,6,1,2,9,0
3,75,51,70.32,8,1,0.1279,2,0,2,3,0
25,291,404,74.3,9,2,0.0496,18,1,2,3,1
14,391,135,79.04,1,0,0.0911,1,0,3,12,0
3,37,19,87.61,9,2,0.1838,5,0,4,21,0
13,238,163,81.16,3,2,0.1658,9,1,2,5,1
6,148,36,90.6,8,0,0.1316,7,0,1,18,0
17,408,150,85.46,2,2,0.1393,4,0,4,4,1
10,189,114,65.95,1,1,0.0291,5,0,1,20,0
15,356,145,85.27,6,1,0.1967,3,0,4,23,0
11,90,59,84.02,9,2,0.0,1,0,2,11,0
3,61,32,84.16,3,2,0.2016,2,0,3,20,0
2,32,27,88.38,3,3,0.1642,4,0,3,12,0
21,591,215,73.26,8,0,0.0167,1,0,2,18,0
10,201,128,73.19,5,2,0.159,3,1,3,18,1
11,179,134,73.99,7,1,0.1175,4,1,1,23,0
7,72,32,78.23,8,1,0.1236,3,0,2,23,0
5,52,81,80.69,7,0,0.0,5,0,4,2,0
5,70,17,78.02,2,2,0.1965,1,0,3,19,0
4,34,22,97.2,2,2,0.149,3,0,4,4,0
6,130,35,61.55,5,1,0.1296,5,0,3,7,0
10,118,152,86.7,4,1,0.1124,3,1,1,20,0
2,20,6,84.86,3,2,0.1271,2,0,3,13,0
16,459,129,83.87,9,3,0.1195,5,0,2,18,1
22,440,183,68.23,9,0,0.1149,4,0,1,14,0
3,51,12,60.36,2,2,0.1833,1,1,3,3,1
3,40,36,84.25,6,1,0.1356,2,1,3,8,0
1,16,16,77.76,3,2,0.0583,7,0,1,17,0
18,512,305,78.97,9,1,0.1284,2,0,1,17,0
3,31,30,90.11,5,1,0.0713,6,0,1,10,0
4,51,65,82.55,1,0,0.041,3,1,3,21,0
11,104,114,89.67,10,4,0.1817,3,0,1,11,1
28,862,335,90.63,10,1,0.0497,6,0,4,4,0
19,171,67,98.18,9,0,0.1032,1,0,3,13,0
6,160,96,75.94,4,1,0.1368,3,1,1,0,0
5,137,55,68.5,7,4,0.1345,3,0,1,17,1
16,276,138,94.65,3,0,0.0575,5,0,4,17,0
30,555,493,74.46,6,1,0.0982,2,0,3,13,1
9,123,39,83.33,1,1,0.1183,3,0,1,0,0
6,83,23,65.43,1,2,0.0779,4,1,2,9,1
74,1213,949,93.06,4,2,0.1508,3,0,2,19,1
6,142,77,69.76,2,0,0.0735,8,0,2,15,0
3,82,49,68.14,4,4,0.1952,3,0,3,11,1
7,105,89,79.37,9,1,0.0629,2,0,3,22,0
3,31,24,99.0,7,3,0.1498,4,0,4,8,0
4,119,62,83.6,9,0,0.032,2,0,2,3,0
19,524,97,85.98,4,1,0.0718,1,0,4,3,1
13,364,91,98.46,10,1,0.1039,3,0,1,1,0
10,226,104,73.53,7,0,0.0192,3,0,1,7,0
4,49,37,83.27,1,0,0.0997,2,0,1,17,0
1,30,16,89.94,6,4,0.2014,3,0,3,18,0
21,181,291,99.0,10,0,0.0543,1,0,4,23,0
4,104,60,87.14,9,1,0.1178,3,0,3,17,0
2,43,23,66.45,9,0,0.1229,3,0,4,14,0
11,332,54,80.6,1,1,0.1166,3,0,3,2,0
13,344,96,66.55,10,1,0.129,8,0,3,11,0
6,84,76,96.79,10,1,0.1418,2,1,3,18,0
10,280,157,81.49,8,2,0.1631,2,0,4,0,0
14,436,142,80.7,9,2,0.0995,2,1,1,18,1
23,336,279,77.55,6,2,0.1027,3,0,4,5,1
7,188,48,81.75,8,0,0.1325,8,1,2,4,0
5,118,32,90.01,1,2,0.0779,3,1,4,18,0
16,340,102,80.73,5,2,0.1454,1,0,1,21,0
1,28,11,83.49,1,0,0.0471,3,0,3,3,0
7,130,74,73.28,4,1,0.1655,2,1,3,21,0
30,702,484,84.76,3,0,0.0821,5,1,3,10,1
6,177,51,92.72,5,0,0.0176,3,0,2,11,0
9,272,150,82.46,1,2,0.1648,3,1,2,10,1
9,240,95,84.96,10,0,0.0123,4,0,2,12,0
4,35,55,53.77,7,3,0.1452,4,0,1,2,1
6,190,68,82.69,10,2,0.0515,2,0,4,17,0
7,198,76,80.85,1,1,0.1004,3,0,4,10,0
10,280,73,74.12,4,0,0.1588,2,0,3,7,0
10,259,47,70.08,4,1,0.1215,6,0,4,11,0
17,364,70,61.1,6,1,0.0286,2,0,2,14,0
22,297,339,76.58,3,2,0.1919,2,0,2,13,1
33,791,398,99.0,5,0,0.0116,2,0,1,2,0
10,201,52,89.44,8,1,0.0844,2,0,2,5,0
6,50,28,80.89,5,2,0.163,7,0,4,23,0
4,115,62,78.57,1,3,0.224,4,0,1,4,0
29,600,255,87.4,7,1,0.1528,3,0,4,22,0
8,200,38,91.11,6,3,0.1513,7,0,1,23,0
1,25,8,67.78,8,2,0.1675,5,0,4,23,0
15,224,152,98.06,3,3,0.1426,6,0,1,4,0
12,266,102,78.19,8,2,0.1299,3,0,4,5,0
9,199,154,78.09,2,0,0.042,3,0,4,10,0
15,306,163,74.88,9,0,0.1096,4,0,4,9,0
16,250,90,87.76,3,0,0.1,3,1,2,13,0
15,327,183,95.71,2,1,0.0913,10,0,2,3,0
6,118,38,89.07,3,0,0.0923,4,0,3,19,0
3,90,38,82.45,3,0,0.0281,8,1,2,0,0
5,44,81,94.0,9,1,0.1413,3,0,1,15,0
4,34,24,75.47,10,1,0.075,6,0,4,16,0
9,170,150,70.85,2,0,0.076,8,0,4,15,0
4,114,71,63.92,2,4,0.2456,1,0,1,23,1
6,152,47,99.0,9,3,0.1127,6,0,4,20,0
6,144,24,74.5,6,1,0.0826,6,0,1,13,0
4,99,43,83.4,4,0,0.0911,5,0,1,20,0
2,27,23,72.76,4,5,0.2593,4,0,3,15,1
4,110,56,77.87,5,0,0.0484,2,1,1,16,0
13,337,39,99.0,2,0,0.0579,2,0,2,22,0
2,36,13,82.2,7,2,0.0898,7,0,2,20,0
3,62,51,91.01,5,3,0.1352,1,0,3,21,0
4,108,35,81.89,6,1,0.1266,3,0,3,3,0
17,528,279,84.94,5,0,0.0437,9,0,4,10,0
6,109,33,68.85,6,0,0.032,5,0,3,22,0
4,44,64,78.36,8,2,0.0433,8,0,2,0,0
12,242,196,74.34,7,0,0.0939,2,1,3,8,0
5,89,75,72.03,7,1,0.144,8,0,1,8,0
20,265,250,91.09,1,0,0.0507,1,0,4,7,0
6,71,36,85.98,2,0,0.0839,2,0,3,4,0
11,93,152,88.52,7,0,0.0889,1,1,3,11,0
11,233,141,85.92,9,3,0.0845,4,1,2,5,1
32,559,440,72.05,5,0,0.0673,2,0,3,10,0
4,85,26,78.14,1,3,0.2326,4,1,1,16,1
15,263,154,94.21,3,3,0.2044,4,0,1,7,0
7,171,24,68.63,2,1,0.0553,3,0,4,20,0
3,82,48,78.15,2,1,0.1203,2,1,4,0,1
5,139,60,75.67,3,1,0.1372,2,1,4,6,0
11,314,162,79.72,7,1,0.1308,4,0,1,9,0
4,51,27,69.3,10,1,0.1024,2,0,3,13,0
12,374,136,88.79,8,2,0.1929,4,0,2,12,1
8,159,71,80.38,6,3,0.1824,3,0,1,14,0
10,314,89,86.8,4,1,0.0077,4,0,4,18,0
12,185,61,89.48,2,1,0.0872,4,1,2,6,0
22,434,148,96.14,3,2,0.1805,4,0,4,16,0
31,669,201,71.62,8,2,0.1035,4,0,3,23,1
4,46,31,71.74,10,1,0.087,4,0,1,8,0
8,208,119,71.33,9,1,0.0725,4,0,2,10,0
4,78,45,99.0,2,3,0.1452,3,0,4,22,0
9,99,28,89.02,9,0,0.0952,4,0,2,6,0
6,187,21,79.95,7,1,0.1037,2,0,4,4,0
14,295,125,71.3,5,1,0.0884,1,1,3,23,0
11,266,119,76.28,10,1,0.0648,3,0,2,4,0
6,146,90,76.87,6,3,0.1716,1,0,3,15,0
15,457,253,87.17,3,3,0.1341,5,1,4,0,1
9,110,90,68.23,1,2,0.1688,2,0,2,6,0
6,125,47,75.63,1,1,0.1102,3,0,2,2,0
14,299,89,80.96,1,1,0.0613,3,0,3,9,0
22,634,258,64.61,5,0,0.1034,2,0,4,8,0
10,233,60,80.34,10,1,0.0993,3,1,2,8,0
9,193,44,97.37,9,3,0.1889,3,0,4,10,0
6,170,72,86.87,10,1,0.089,4,0,4,6,0
7,187,124,75.07,2,3,0.0798,11,0,2,4,0
8,231,62,62.37,1,1,0.152,3,1,4,13,1
2,31,21,84.61,2,2,0.0629,7,0,4,12,0
7,174,58,93.95,9,1,0.1144,3,0,1,19,0
6,185,103,85.92,5,0,0.1329,1,0,4,17,0
14,345,94,90.29,2,2,0.1379,2,0,4,20,0
29,249,246,91.91,8,2,0.1118,1,0,3,23,0
3,68,48,79.32,4,3,0.1362,3,0,2,23,0
11,139,92,96.73,4,1,0.1441,1,1,3,10,0
33,556,224,93.79,1,1,0.0796,2,0,1,20,0
10,194,36,92.5,5,0,0.0879,3,0,1,18,0
14,402,236,94.32,10,1,0.1419,2,0,4,5,0
4,115,57,92.19,2,1,0.1198,2,1,1,19,0
14,163,196,76.31,3,1,0.1684,3,1,1,1,0
13,325,100,89.46,9,1,0.1212,3,0,2,20,0
12,100,186,79.73,6,0,0.1826,2,0,2,18,0
4,67,12,72.54,7,0,0.0657,2,0,1,2,0
12,315,62,95.91,5,0,0.0939,6,1,4,1,0
8,102,84,84.49,3,0,0.177,2,0,1,9,0
6,98,48,76.39,10,1,0.1232,2,0,1,18,0
2,20,33,89.53,3,0,0.0717,2,0,2,10,0
6,187,87,71.54,1,2,0.1817,1,1,3,14,1
10,253,67,87.81,4,1,0.1444,3,0,2,9,0
19,473,107,93.36,3,0,0.064,14,0,4,7,0
6,87,35,76.49,5,2,0.1386,2,0,4,8,0
14,231,118,97.25,9,1,0.0408,4,0,2,1,0
8,176,42,88.36,10,1,0.0847,4,1,4,11,0
16,389,117,70.28,6,1,0.1213,2,0,3,2,0
9,117,56,90.92,5,1,0.1133,13,1,1,16,0
4,49,20,99.0,10,2,0.1053,3,0,4,21,0
23,202,310,81.22,6,1,0.1095,2,0,1,5,0
13,208,165,67.38,2,1,0.0988,1,1,3,9,1
6,126,85,89.08,8,1,0.0977,3,0,4,18,0
8,147,71,82.78,4,3,0.0803,5,0,3,19,0
21,509,157,99.0,4,3,0.1634,3,0,1,13,0
6,86,69,80.87,10,1,0.0599,7,1,2,9,0
22,685,377,75.41,4,2,0.1428,3,0,2,4,1
6,161,22,68.15,2,0,0.1142,5,0,2,11,0
5,59,15,79.69,3,0,0.0,1,1,2,9,0
8,99,126,84.93,7,0,0.079,6,1,2,4,0
4,113,34,84.04,8,2,0.1842,1,1,1,15,0
6,104,37,86.47,8,2,0.1649,8,0,4,22,0
3,90,26,95.45,6,1,0.0873,1,0,2,12,0
7,206,107,86.48,7,1,0.0456,4,0,1,11,0
12,309,141,88.53,4,0,0.0846,3,0,2,7,0
4,64,61,79.0,10,0,0.1457,3,0,4,2,0
10,113,58,72.68,4,1,0.0861,11,0,1,10,0
6,73,31,85.65,5,1,0.1301,2,0,4,1,0
6,185,34,88.24,7,1,0.1317,2,0,1,14,0
5,81,69,86.05,7,2,0.1082,3,0,1,5,0
3,65,26,85.37,8,1,0.1398,2,1,4,13,0
7,106,48,76.49,2,1,0.1139,4,0,4,16,0
9,174,72,78.98,9,2,0.1313,16,0,1,5,0
1,20,8,74.82,2,0,0.0664,8,1,3,22,0
10,127,151,83.66,8,3,0.1051,4,0,4,9,0
2,57,19,84.04,1,2,0.1179,4,0,3,8,0
22,532,319,85.71,1,2,0.1248,1,0,2,9,1
15,126,118,87.03,1,1,0.142,1,0,3,23,0
9,231,60,91.77,2,0,0.079,5,0,2,23,0
4,79,65,76.65,6,0,0.0973,6,0,2,23,0
7,151,25,84.05,6,0,0.0802,3,0,2,19,0
13,302,210,78.29,7,1,0.0792,6,0,1,10,0
6,155,56,76.6,1,1,0.0673,2,1,3,23,0
4,116,62,91.83,7,0,0.0595,3,0,2,18,0
37,565,396,92.55,4,2,0.185,1,0,1,11,1
3,39,51,75.9,5,1,0.087,4,0,2,8,0
8,72,71,80.52,3,0,0.0512,3,0,3,0,0
13,109,119,75.58,3,1,0.0664,2,0,4,19,0
12,278,53,99.0,4,3,0.1789,2,1,3,7,1
8,119,109,81.7,8,2,0.1118,5,0,3,17,0
22,666,70,82.81,6,1,0.1033,4,0,4,4,0
5,129,30,83.36,3,2,0.1321,3,0,3,12,0
3,85,52,86.48,8,0,0.0595,3,0,3,2,0
4,126,34,77.49,5,2,0.1137,3,0,4,21,0
7,82,82,74.22,10,1,0.085,3,0,4,13,0
25,214,440,91.47,9,2,0.1115,2,0,2,12,0
17,189,205,97.8,2,2,0.1398,6,1,2,6,0
4,86,22,89.96,3,2,0.1626,6,0,4,17,0
8,208,74,75.48,10,0,0.0026,6,0,3,20,0
8,233,139,76.79,6,1,0.136,4,0,4,7,0
4,79,39,73.54,8,0,0.1083,4,1,2,12,0
3,62,24,97.77,8,1,0.1836,1,0,1,12,0
2,36,18,86.42,4,1,0.1579,2,0,2,4,0
37,742,155,71.65,10,3,0.1762,3,0,1,10,1
5,59,61,84.31,2,0,0.0976,2,0,1,23,0
12,323,106,86.26,9,1,0.0568,2,0,2,14,0
13,376,73,79.65,4,2,0.2099,4,0,3,2,0
13,168,128,73.0,4,2,0.2053,2,0,4,7,1
4,125,42,64.4,2,0,0.109,2,0,3,5,0
7,177,28,89.52,1,0,0.0633,1,0,4,16,0
4,114,16,74.29,7,1,0.1695,4,0,1,22,0
12,282,132,67.01,1,2,0.1751,2,0,1,9,1
4,111,55,93.21,1,0,0.0531,3,0,4,13,0
18,188,282,74.29,10,0,0.1152,5,0,1,23,0
14,250,113,72.84,4,1,0.1099,1,0,2,8,0
9,210,36,88.55,8,0,0.0478,9,0,3,10,0
24,448,355,88.04,5,3,0.166,3,0,1,4,1
2,29,12,81.17,6,2,0.1236,4,0,3,9,0
7,82,87,96.13,8,1,0.1267,2,0,3,4,0
3,74,15,83.38,5,0,0.0856,3,0,3,20,0
6,170,70,83.24,3,1,0.1253,4,0,3,11,0
11,284,197,86.34,7,1,0.0748,2,0,2,11,0
3,66,31,86.34,9,0,0.0096,3,0,4,20,0
13,267,73,83.56,7,2,0.0686,3,1,1,10,0
6,77,31,86.34,10,0,0.0482,4,0,1,20,0
6,119,69,81.21,1,0,0.1245,4,0,2,23,0
15,359,134,78.9,2,0,0.04,2,0,1,8,0
3,62,42,99.0,2,2,0.157,4,0,1,14,0
4,55,27,68.18,3,2,0.1036,1,0,2,7,0
3,56,10,78.89,10,3,0.1675,1,0,3,2,0
7,179,117,85.34,3,1,0.127,2,0,1,6,0
7,154,82,87.41,8,3,0.2346,1,1,1,10,1
9,87,91,78.66,8,0,0.1,4,1,2,3,0
4,52,41,70.77,10,1,0.1365,1,1,4,3,0
6,111,75,80.73,10,0,0.0856,3,0,4,0,0
7,124,49,87.15,3,1,0.0537,4,0,4,16,0
12,281,83,83.66,9,0,0.0415,3,0,3,21,0
3,46,28,77.24,3,1,0.1508,1,0,3,16,0
7,83,27,89.53,7,0,0.1112,2,0,1,14,0
3,73,46,99.0,4,0,0.002,2,0,2,6,0
8,122,115,73.45,8,0,0.1243,3,1,3,19,0
1,24,7,85.42,4,0,0.1026,7,0,2,5,0
2,23,34,80.31,8,2,0.154,1,0,4,23,0
5,151,50,93.53,5,0,0.1596,6,0,3,10,0
12,334,92,85.56,5,1,0.1015,4,0,4,13,1
23,702,88,93.18,7,1,0.1382,5,0,2,14,0
5,42,67,99.0,4,0,0.069,2,0,3,9,0
9,77,84,80.99,7,2,0.0924,3,0,2,6,0
17,315,120,81.82,2,1,0.0899,5,0,3,23,0
9,227,90,92.3,1,4,0.0701,3,0,4,22,0
5,124,33,83.46,10,2,0.1601,3,0,1,3,0
2,32,22,72.35,8,1,0.1584,4,0,1,15,0
20,519,157,80.01,7,1,0.1624,6,0,2,18,0
5,63,21,82.87,4,0,0.0351,2,0,3,17,0
4,59,13,90.9,2,1,0.1203,3,0,3,11,0
7,130,113,73.63,3,2,0.2059,2,0,2,14,0
5,63,87,87.16,5,0,0.0611,1,0,1,4,0
13,232,116,96.15,8,0,0.116,3,0,1,16,0
5,107,89,91.94,9,2,0.0936,5,0,3,17,0
4,87,50,82.26,2,2,0.1104,3,0,1,17,0
8,162,126,90.95,10,0,0.0683,2,0,2,2,0
9,165,64,85.64,8,2,0.1233,4,0,2,20,0
6,74,69,78.1,8,2,0.1751,4,0,4,0,0
1,15,12,92.93,7,5,0.1804,2,1,2,10,1
4,56,25,71.3,6,1,0.1242,10,0,2,18,0
34,1000,466,73.48,10,2,0.2149,2,1,2,6,1
9,93,99,69.26,1,3,0.1595,2,0,3,2,1
